winner,winner_score,loser,loser_score,week,type,round
Maplesville,35,Fyffe,6,0,regular,
Pike Road,21,Prattville,14,0,regular,
Auburn,24,Booker (FL),6,0,regular,
Baker,42,Theodore,31,0,regular,
Bob Jones,28,Cullman,3,0,regular,
Central-Phenix City,59,Pinson Valley,16,0,regular,
Daphne,29,McGill-Toolen,28,0,regular,
Davidson,35,Murphy,6,0,regular,
Dothan,42,Layton Chiles (FL),17,0,regular,
Enterprise,31,Andalusia,10,0,regular,
Foley,7,Baldwin County,3,0,regular,
Grissom,35,Lee-Huntsville,0,0,regular,
Hewitt-Trussville,52,JAG,0,0,regular,
Hillcrest-Tuscaloosa,35,Florence,7,0,regular,
Huntsville,43,Hazel Green,6,0,regular,
IMG Academy (FL),34,Hoover,13,0,regular,
James Clemens,35,Gardendale,21,0,regular,
Mary Montgomery,34,Pace (FL),21,0,regular,
Oak Mountain,14,Briarwood,3,0,regular,
Opelika,25,Benjamin Russell,20,0,regular,
Robertsdale,31,LeFlore,20,0,regular,
Smiths Station,24,Shaw (GA),0,0,regular,
Thompson,37,Carver-Montgomery,6,0,regular,
Vestavia Hills,49,Westside (SC),7,0,regular,
Athens,32,Mae Jemison,9,0,regular,
Bessemer City,32,Center Point,0,0,regular,
Buckhorn,27,Decatur,12,0,regular,
Central Carroll (GA),37,Oxford,34,0,regular,
Central-Tuscaloosa,45,Tuscaloosa County,13,0,regular,
Chelsea,51,Charles Henderson,27,0,regular,
Choctawhatchee (FL),21,Gulf Shores,14,0,regular,
Clay-Chalkville,42,Hueytown,15,0,regular,
Fort Payne,21,Scottsboro,19,0,regular,
Hartselle,39,Austin,6,0,regular,
Homewood,51,John Carroll,7,0,regular,
Jackson-Olin,24,Fairfield,0,0,regular,
Jasper,41,Brookwood,6,0,regular,
McAdory,57,Pleasant Grove,7,0,regular,
Minor,46,Dora,0,0,regular,
Mountain Brook,44,Demopolis,7,0,regular,
Muscle Shoals,24,Gadsden City,6,0,regular,
Northridge,41,Calera,21,0,regular,
Parker,41,Ramsay,13,0,regular,
Pell City,22,Pelham,14,0,regular,
Percy Julian,23,Paul Bryant,2,0,regular,
Russell County,42,Carroll,14,0,regular,
Saraland,17,Jackson,6,0,regular,
Shades Valley,15,Woodlawn,12,0,regular,
Spain Park,48,Sparkman,21,0,regular,
Spanish Fort,37,Fairhope,7,0,regular,
Stanhope Elmore,28,Marbury,6,0,regular,
Wetumpka,36,Beauregard,19,0,regular,
Ashville,27,Springville,21,0,regular,
Arab,18,Albertville,14,0,regular,
Ardmore,44,Tanner,6,0,regular,
BC Rain,34,Hillcrest-Evergreen,20,0,regular,
Boaz,28,Madison County,7,0,regular,
Brewer,26,Hayden,6,0,regular,
Central Clay County,36,Handley,3,0,regular,
Citronelle,35,Millry,0,0,regular,
Corner,34,Winfield,20,0,regular,
Elmore County,31,Dadeville,30,0,regular,
Eufaula,32,BT Washington,18,0,regular,
Fairview,48,Fultondale,0,0,regular,
Gainesville (GA),49,Moody,7,0,regular,
Greenville,34,Georgiana,6,0,regular,
Headland,33,Dale County,20,0,regular,
Jacksonville,45,Etowah,7,0,regular,
Leeds,45,Mortimer Jordan,28,0,regular,
Montevallo,14,Tarrant,6,0,regular,
Montgomery Catholic,32,St. James,6,0,regular,
Northside,56,West Blocton,6,0,regular,
Priceville,53,Columbia,6,0,regular,
Selma,24,Park Crossing,20,0,regular,
Shelby County,27,Lincoln,14,0,regular,
Sipsey Valley,69,Greene County,6,0,regular,
St. Clair County,61,Jemison,21,0,regular,
St. Paul’s,29,UMS-Wright,28,0,regular,
Sylacauga,44,Central Coosa,22,0,regular,
Valley,20,Glenwood School,14,0,regular,
Vigor,21,Blount,6,0,regular,
Wenonah,19,Escambia County,0,0,regular,
West Point,30,Haleyville,6,0,regular,
Ashford,35,Rehobeth,15,0,regular,
Bibb County,28,Chilton County,7,0,regular,
Bullock County,17,Lanett,14,0,regular,
Cordova,27,Oakman,20,0,regular,
Curry,36,Carbon Hill,14,0,regular,
DAR,21,Brindlee Mountain,18,0,regular,
Deshler,15,Pickens County,0,0,regular,
East Lawrence,14,Lawrence County,6,0,regular,
Hamilton,42,Hale County,13,0,regular,
Holt,22,RC Hatch,8,0,regular,
Mobile Christian,48,Chickasaw,0,0,regular,
New Brockton,24,Pike Liberal Arts,7,0,regular,
New Hope,43,Ohatchee,32,0,regular,
North Jackson,20,Sylvania,0,0,regular,
Oak Grove,40,Weaver,3,0,regular,
Oneonta,58,Locust Fork,13,0,regular,
Orange Beach,34,Elberta,14,0,regular,
Satsuma,1,McIntosh,0,0,regular,
St. John Paul II,62,Elkmont,27,0,regular,
St. Michael,41,Bayside Academy,10,0,regular,
Straughn,40,Highland Home,12,0,regular,
Trinity,15,Holtville,14,0,regular,
Westminster Christian,49,East Limestone,34,0,regular,
West Morgan,41,Randolph,14,0,regular,
White Plains,23,Talladega,13,0,regular,
Beulah,42,Abbeville,14,0,regular,
Danville,59,Tharptown,0,0,regular,
Cedar Bluff,35,Valley Head,19,0,regular,
Clements,21,West Limestone,14,0,regular,
Colbert Heights,38,Cherokee,8,0,regular,
Cottage Hill Christian,47,Washington County,26,0,regular,
Excel,24,Linden,12,0,regular,
Flomaton,17,Clarke County,0,0,regular,
Geraldine,41,Sardis,14,0,regular,
Glencoe,7,Southeastern,0,0,regular,
Gordo,34,Fayette County,28,0,regular,
Houston Academy,35,GW Long,26,0,regular,
JB Pennington,44,Susan Moore,28,0,regular,
Lauderdale County,26,Lexington,19,0,regular,
Lee-Scott Academy,40,Alabama Christian,20,0,regular,
Mars Hill,51,Madison Academy,27,0,regular,
Midfield,34,Huffman,6,0,regular,
Monroe County,48,Florala,20,0,regular,
Montgomery Academy,59,Tallassee,3,0,regular,
Piedmont,24,Cherokee County,8,0,regular,
Randolph County,44,Woodland,21,0,regular,
Rogers,44,Wilson,23,0,regular,
Saks,48,Horseshoe Bend,42,0,regular,
Sheffield,70,Decatur Heritage,36,0,regular,
Slocomb,38,Houston County,0,0,regular,
Thorsby,22,Isabella,8,0,regular,
TR Miller,35,Reeltown,21,0,regular,
Aliceville,68,Pickens County,8,0,regular,
Cleveland,27,Whitesburg Christian,13,0,regular,
Cold Springs,65,Hanceville,7,0,regular,
Falkville,22,Vinemont,6,0,regular,
Gaston,34,Asbury,6,0,regular,
Geneva County,20,Pleasant Home,12,0,regular,
JU Blacksher,36,Marengo,6,0,regular,
LaFayette,51,Ellwood Christian,6,0,regular,
Lamar County,12,South Lamar,7,0,regular,
Loachapoka,49,Prattville Christian,24,0,regular,
Luverne,56,Elba,0,0,regular,
Mt. Zion (GA),49,Ranburne,0,0,regular,
Pierce County (GA),20,Coosa Christian,7,0,regular,
Pleasant Valley,34,West End Walnut Grove,0,0,regular,
Providence Christian,20,Wicksburg,14,0,regular,
St. Lukes,49,Christian Collegiat (MS),0,0,regular,
Sulligent,22,Marion County,14,0,regular,
Tuscaloosa Academy,16,American Christian,14,0,regular,
Zion Chapel,28,Kinston,0,0,regular,
Addison,41,Winston County,20,0,regular,
Appalachian,25,Holly Pond,0,0,regular,
Billingsley,22,Greensboro,0,0,regular,
Choctaw County,34,Sumter Central,8,0,regular,
Fayetteville,35,Childersburg,28,0,regular,
Francis Marion,8,Dallas County,0,0,regular,
Gaylesville,30,Donoho,6,0,regular,
Ider,19,Section,13,0,regular,
JF Shields,24,Wilcox Central,12,0,regular,
Keith,54,Calhoun,36,0,regular,
Leroy,52,Thomasville,34,0,regular,
Meek,20,Lynn,6,0,regular,
Spring Garden,44,Sand Rock,28,0,regular,
Verbena,24,Holy Spirit,6,0,regular,
Wadley,46,BB Comer,0,0,regular,
Winterboro,18,Vincent,8,0,regular,
Austin,47,Decatur,6,1,regular,
Baker,42,Alma Bryant,14,1,regular,
Bob Jones,50,Lee-Huntsville,28,1,regular,
Carver-Montgomery,39,Percy Julian,6,1,regular,
Central-Phenix City,38,"The First Academy, Orlando (FL)",35,1,regular,
Daphne,32,Pine Forest (FL),12,1,regular,
Dothan,37,Monroe Area (GA),34,1,regular,
Enterprise,24,Pike Road,17,1,regular,
Fairhope,41,Faith Academy,6,1,regular,
Grayson (GA),24,Thompson,23,1,regular,
Hewitt-Trussville,56,Gadsden City,7,1,regular,
Hillcrest-Tuscaloosa,50,Sparkman,24,1,regular,
Huntsville,23,Mae Jemison,6,1,regular,
Mary Montgomery,22,Gulf Shores,19,1,regular,
Oak Mountain,30,Pelham,29,1,regular,
Opelika,35,Callaway (GA),34,1,regular,
Prattville,43,Stanhope Elmore,13,1,regular,
Robertsdale,14,Elberta,0,1,regular,
Vestavia Hills,42,Auburn,14,1,regular,
Benjamin Russell,40,Central Clay County,7,1,regular,
Bessemer City,41,Woodlawn,14,1,regular,
Brookwood,14,West Blocton,0,1,regular,
Buckhorn,16,Athens,10,1,regular,
Central-Tuscaloosa,27,Calera,7,1,regular,
Chelsea,40,Wetumpka,30,1,regular,
Chilton County,36,Jemison,14,1,regular,
Clay-Chalkville,64,Ramsay,0,1,regular,
Hartselle,46,Jackson-Olin,8,1,regular,
Hokes Bluff,28,Southside Gadsden,7,1,regular,
Homewood,27,Briarwood,0,1,regular,
Huffman,21,Columbia,20,1,regular,
Jasper,62,Sipsey Valley,27,1,regular,
McAdory,34,Helena,21,1,regular,
McGill-Toolen,50,Murphy,0,1,regular,
Minor,27,Paul Bryant,3,1,regular,
Mortimer Jordan,21,Cullman,20,1,regular,
Muscle Shoals,34,Florence,7,1,regular,
Northridge,44,American Christian,12,1,regular,
Parker,27,Mountain Brook,11,1,regular,
Pell City,28,Coosa Christian,27,1,regular,
Pinson Valley,42,Gardendale,15,1,regular,
Rehobeth,25,Carroll,20,1,regular,
Russell County,35,Eufaula,14,1,regular,
Saraland,46,Blount,0,1,regular,
St. Paul’s,48,Baldwin County,17,1,regular,
Theodore,28,Spanish Fort,17,1,regular,
Andalusia,52,Hillcrest-Tuscaloosa,7,1,regular,
Ardmore,48,Clements,6,1,regular,
BC Rain,27,Foley,23,1,regular,
Boaz,31,Albertville,10,1,regular,
Center Point,46,Fultondale,27,1,regular,
Charles Henderson,49,Highland Home,12,1,regular,
Corner,36,Dora,6,1,regular,
Douglas,42,Susan Moore,16,1,regular,
Fairview,40,Springville,23,1,regular,
Guntersville,21,Fort Payne,10,1,regular,
Headland,54,Abbeville,6,1,regular,
Holtville,35,Shelby County,13,1,regular,
Lawrence County,26,Rogers,14,1,regular,
Leeds,27,Shades Valley,6,1,regular,
Lincoln,38,Munford,14,1,regular,
Moody,31,Oxford,7,1,regular,
Northside,42,Cordova,0,1,regular,
Priceville,40,Brewer,13,1,regular,
Sardis,27,Cleburne County,7,1,regular,
Scottsboro,28,North Jackson,0,1,regular,
St. Clair County,42,Montgomery Catholic,28,1,regular,
Sylacauga,33,Montevallo,0,1,regular,
Valley,37,Smiths Station,21,1,regular,
Vigor,61,Tuscaloosa County,14,1,regular,
Wenonah,35,Midfield,0,1,regular,
Williamson,42,Wayne County (MS),0,1,regular,
Alexandria,34,Jacksonville,7,1,regular,
Anniston,28,Beauregard,7,1,regular,
Ashford,23,Cottonwood,14,1,regular,
Bullock County,28,Park Crossing,0,1,regular,
Cherokee County,25,Arab,0,1,regular,
Dale County,25,GW Long,0,1,regular,
Daleville,40,Florala,8,1,regular,
Deshler,35,Hatton,28,1,regular,
East Lawrence,20,West Limestone,7,1,regular,
Escambia County,24,Monroe County,6,1,regular,
Fayette County,49,South Lamar,6,1,regular,
Good Hope,42,West Point,7,1,regular,
Hamilton,42,Phil Campbell,26,1,regular,
Handley,49,Dadeville,20,1,regular,
Holt,32,Holy Spirit,0,1,regular,
Jackson,41,Demopolis,0,1,regular,
Madison Academy,49,Randolph,7,1,regular,
Madison County,41,St. John Paul II,24,1,regular,
Mobile Christian,45,Presbyterian Christian (MS),35,1,regular,
New Brockton,48,Slocomb,24,1,regular,
New Hope,42,DAR,28,1,regular,
Oak Grove,39,Hayden,14,1,regular,
Opp,26,Northview (FL),14,1,regular,
Orange Beach,16,Citronelle,7,1,regular,
Plainview,26,Westminster Christian,17,1,regular,
St. Michael,49,John Carroll,28,1,regular,
Talladega,20,Childersburg,14,1,regular,
Tallassee,25,Elmore County,9,1,regular,
Tarrant,25,Haleyville,14,1,regular,
West Morgan,47,Brooks,21,1,regular,
Wilson,45,Danville,14,1,regular,
WS Neal,51,Excel,0,1,regular,
Alabama Christian,27,Goshen,6,1,regular,
Bayside Academy,41,Marbury,19,1,regular,
Brindlee Mountain,41,Vina,0,1,regular,
Colbert County,44,Tanner,22,1,regular,
Colbert Heights,54,Carbon Hill,38,1,regular,
Collinsville,53,Cedar Bluff,6,1,regular,
Cottage Hill Christian,48,Satsuma,10,1,regular,
Flomaton,48,Chickasaw,13,1,regular,
Fyffe,60,Pisgah,28,1,regular,
Glenwood School,49,Elba,6,1,regular,
Gordo,36,Bibb County,33,1,regular,
Hale County,26,Oakman,22,1,regular,
Holly Pond,74,Hanceville,41,1,regular,
Houston Academy,33,Pike County,32,1,regular,
Lauderdale County,26,Central-Florence,10,1,regular,
Lee-Scott Academy,31,Loachapoka,21,1,regular,
Locust Fork,28,Ohatchee,21,1,regular,
Mars Hill,47,Russellville,19,1,regular,
Montgomery Academy,14,St. James,7,1,regular,
Piedmont,43,Saks,0,1,regular,
Randolph County,64,Central Coosa,50,1,regular,
Southside-Selma,40,Selma,0,1,regular,
Thomasville,20,Sweet Water,7,1,regular,
Thorsby,28,Autauga Academy,7,1,regular,
TR Miller,20,Straughn,13,1,regular,
Walter Wellborn,28,JB Pennington,15,1,regular,
Westbrook Christian,44,Glencoe,7,1,regular,
Wicksburg,56,Geneva,14,1,regular,
Winfield,43,Sulligent,6,1,regular,
Ariton,44,Georgiana,13,1,regular,
Cold Springs,44,Curry,7,1,regular,
Greene County,28,Francis Marion,0,1,regular,
Houston County,36,Graceville (FL),24,1,regular,
J.R. Arnold (FL),27,Providence Christian,6,1,regular,
Lanett,37,Beulah,7,1,regular,
LaFayette,44,Central-Hayneville,14,1,regular,
Lexington,48,Elkmont,6,1,regular,
Luverne,75,Brantley,0,1,regular,
North Sand Mountain,42,Ider,0,1,regular,
Pleasant Valley,40,Spring Garden,7,1,regular,
Ranburne,14,Woodland,6,1,regular,
Red Bay,41,Lamar County,8,1,regular,
Reeltown,34,Trinity,6,1,regular,
Samson,44,Pike Liberal Arts,20,1,regular,
Southeastern,34,Vinemont,14,1,regular,
Tuscaloosa Academy,35,Pickens County,0,1,regular,
Vincent,37,BB Comer,18,1,regular,
Washington County,34,Millry,20,1,regular,
West End Walnut Grove,33,Sand Rock,14,1,regular,
Winston County,46,Meek,22,1,regular,
Zion Chapel,44,Ellwood Christian,0,1,regular,
Addison,57,Decatur Heritage,0,1,regular,
Appalachian,20,Cleveland,14,1,regular,
Berry Fayette,51,Pickens Academy,28,1,regular,
Brilliant,52,Shoals Christian,0,1,regular,
Chipley (FL),53,Linden,0,1,regular,
Gaylesville,56,Asbury,20,1,regular,
Fayetteville,43,Billingsley,40,1,regular,
Hackleburg,24,Lynn,13,1,regular,
Hubbertville,55,University Charter,20,1,regular,
Keith,32,Dallas County,6,1,regular,
Kinston,34,Geneva County,16,1,regular,
Leroy,41,Clarke County,12,1,regular,
Maplesville,42,Isabella,7,1,regular,
Marengo,16,St. Lukes,15,1,regular,
Marion County,43,Phillips,0,1,regular,
McIntosh,47,Bayshore Christian,0,1,regular,
McKenzie,48,Prattville Christian,25,1,regular,
Notasulga,42,Barbour County,6,1,regular,
Pleasant Home,13,Fruitdale,0,1,regular,
Ragland,38,Donoho,19,1,regular,
Red Level,42,JF Shields,14,1,regular,
RC Hatch,26,Wilcox Central,8,1,regular,
Southern Choctaw,31,Choctaw County,6,1,regular,
Valley Head,14,Section,6,1,regular,
Verbena,24,Calhoun,16,1,regular,
Wadley,58,Horseshoe Bend,10,1,regular,
Waterloo,24,Tharptown,8,1,regular,
Woodville,40,Cherokee,16,1,regular,
Auburn,17,Opelika,10,2,regular,
Austin,29,Sparkman,7,2,regular,
Baker,42,Davidson,0,2,regular,
Central-Phenix City,56,Smiths Station,20,2,regular,
Dothan,69,Enterprise,28,2,regular,
Fairhope,31,Alma Bryant,0,2,regular,
Florence,28,Albertville,8,2,regular,
Foley,27,Robertsdale,7,2,regular,
Hewitt-Trussville,28,Vestavia Hills,14,2,regular,
Hillcrest-Tuscaloosa,34,Hoover,24,2,regular,
Huntsville,20,Grissom,13,2,regular,
James Clemens,54,Bob Jones,7,2,regular,
Mary Montgomery,41,Daphne,31,2,regular,
Prattville,27,Oak Mountain,7,2,regular,
Thompson,69,Tuscaloosa County,0,2,regular,
Athens,41,Cullman,38,2,regular,
Benjamin Russell,42,Calera,13,2,regular,
Bessemer City,42,Brookwood,14,2,regular,
Blount,32,Murphy,0,2,regular,
Carver-Montgomery,34,JAG,6,2,regular,
Central-Tuscaloosa,35,Paul Bryant,0,2,regular,
Clay-Chalkville,52,Pell City,9,2,regular,
Gadsden City,31,Buckhorn,6,2,regular,
Helena,23,Chilton County,6,2,regular,
Homewood,49,Mortimer Jordan,7,2,regular,
Jasper,48,Decatur,13,2,regular,
Mae Jemison,14,Hazel Green,6,2,regular,
Minor,33,Woodlawn,26,2,regular,
Mountain Brook,30,Hueytown,24,2,regular,
Muscle Shoals,49,Columbia,6,2,regular,
Oxford,49,Shades Valley,7,2,regular,
Parker,47,Gardendale,3,2,regular,
Pelham,19,Chelsea,9,2,regular,
Pike Road,63,Rehobeth,0,2,regular,
Pinson Valley,48,Huffman,0,2,regular,
Russell County,31,Wetumpka,18,2,regular,
Saraland,43,Gulf Shores,14,2,regular,
Southside Gadsden,38,Lee-Huntsville,19,2,regular,
Spanish Fort,42,Baldwin County,7,2,regular,
Stanhope Elmore,40,Percy Julian,0,2,regular,
Theodore,27,McGill-Toolen,0,2,regular,
Andalusia,36,Headland,15,2,regular,
Arab,21,Sardis,15,2,regular,
Briarwood,14,Ramsay,13,2,regular,
Carver-Birmingham,32,John Carroll,16,2,regular,
Central Clay County,29,Valley,21,2,regular,
Charles Henderson,21,Greenville,13,2,regular,
Citronelle,28,Faith Academy,16,2,regular,
Corner,28,Wenonah,13,2,regular,
Fairview,42,West Point,14,2,regular,
Douglas,62,Hayden,34,2,regular,
Elmore County,36,Carroll,20,2,regular,
Eufaula,35,Montgomery Catholic,24,2,regular,
Guntersville,63,Brewer,12,2,regular,
Holtville,34,Sylacauga,31,2,regular,
Jemison,34,Selma,28,2,regular,
Leeds,42,Springville,0,2,regular,
Lincoln,49,Center Point,26,2,regular,
Marbury,16,Beauregard,14,2,regular,
McAdory,33,Northridge,24,2,regular,
Moody,42,Jacksonville,21,2,regular,
Northside,56,Montevallo,0,2,regular,
Priceville,49,Ardmore,13,2,regular,
Russellville,35,Lawrence County,6,2,regular,
Scottsboro,41,Boaz,7,2,regular,
Shelby County,31,Sipsey Valley,8,2,regular,
UMS-Wright,39,BC Rain,20,2,regular,
Vigor,50,LeFlore,0,2,regular,
Williamson,64,Elberta,9,2,regular,
Alexandria,41,White Plains,6,2,regular,
American Christian,21,West Blocton,7,2,regular,
Anniston,43,Ashville,14,2,regular,
Bibb County,49,Tarrant,20,2,regular,
BT Washington,19,Talladega,6,2,regular,
Bullock County,31,St. James,14,2,regular,
Central-Florence,42,Wilson,0,2,regular,
Cherokee County,42,Oneonta,29,2,regular,
Curry,49,Haleyville,28,2,regular,
Dale County,19,Ashford,12,2,regular,
Deshler,58,Danville,7,2,regular,
Fayette County,56,Dora,27,2,regular,
Good Hope,52,Fultondale,0,2,regular,
Hamilton,41,Cordova,20,2,regular,
Handley,35,Cleburne County,10,2,regular,
Hatton,34,Brooks,6,2,regular,
Hokes Bluff,28,Etowah,3,2,regular,
Jackson,40,Escambia County,0,2,regular,
Madison Academy,63,DAR,6,2,regular,
Mobile Christian,42,Satsuma,6,2,regular,
North Jackson,40,Madison County,28,2,regular,
Oak Grove,35,Holt,13,2,regular,
Opp,49,New Brockton,7,2,regular,
Pike County,43,Geneva,7,2,regular,
Plainview,56,Randolph,7,2,regular,
Pleasant Grove,27,Fairfield,19,2,regular,
St. Michael,43,WS Neal,29,2,regular,
Straughn,36,Daleville,7,2,regular,
Tallassee,53,Munford,21,2,regular,
Thorsby,44,Sumter Central,12,2,regular,
Westminster Christian,35,St. John Paul II,17,2,regular,
West Morgan,49,West Limestone,0,2,regular,
Alabama Christian,45,Northside Methodist,8,2,regular,
Bayside Academy,42,Orange Beach,13,2,regular,
Colbert Heights,38,Clements,0,2,regular,
Cottage Hill Christian,17,Hillcrest-Evergreen,13,2,regular,
Dadeville,28,Beulah,12,2,regular,
Flomaton,28,Excel,7,2,regular,
Fyffe,58,Collinsville,22,2,regular,
Geraldine,62,Asbury,6,2,regular,
Glencoe,34,JB Pennington,21,2,regular,
Glenwood School,53,BB Comer,8,2,regular,
Gordo,72,Hanceville,8,2,regular,
Greensboro,14,Dallas County,6,2,regular,
Hale County,59,Wilcox Central,0,2,regular,
Holly Pond,24,Sylvania,21,2,regular,
Lee-Scott Academy,47,Childersburg,19,2,regular,
Mars Hill,62,Colbert County,24,2,regular,
Montgomery Academy,48,Houston Academy,7,2,regular,
Oakman,41,Carbon Hill,7,2,regular,
Piedmont,61,Ohatchee,6,2,regular,
Sheffield,47,Rogers,16,2,regular,
Southside-Selma,22,Thomasville,15,2,regular,
Trinity,21,Prattville Christian,12,2,regular,
TR Miller,35,Monroe County,8,2,regular,
Vinemont,22,Phil Campbell,16,2,regular,
Walter Wellborn,55,Weaver,18,2,regular,
Westbrook Christian,46,Saks,6,2,regular,
Whitesburg Christian,42,Brindlee Mountain,6,2,regular,
Wicksburg,56,Slocomb,6,2,regular,
Winfield,35,Midfield,6,2,regular,
Ariton,56,Houston County,14,2,regular,
Calhoun,20,Pike Liberal Arts,14,2,regular,
Cedar Bluff,42,Gaston,20,2,regular,
Clarke County,37,Central-Hayneville,0,2,regular,
Coosa Christian,47,Southeastern,6,2,regular,
Falkville,16,West End Walnut Grove,13,2,regular,
Geneva County,44,Abbeville,42,2,regular,
Goshen,31,Zion Chapel,21,2,regular,
GW Long,35,Samson,18,2,regular,
Highland Home,52,Barbour County,0,2,regular,
JU Blacksher,40,Chickasaw,0,2,regular,
Lamar County,39,Greene County,14,2,regular,
Lanett,41,Loachapoka,7,2,regular,
Lexington,63,Decatur Heritage,18,2,regular,
North Sand Mountain,41,Sand Rock,0,2,regular,
Pleasant Valley,55,Donoho,0,2,regular,
Providence Christian,29,Cottonwood,22,2,regular,
Ranburne,33,LaFayette,13,2,regular,
Reeltown,54,Horseshoe Bend,14,2,regular,
Sulligent,30,Isabella,21,2,regular,
Susan Moore,66,Cold Springs,50,2,regular,
Tuscaloosa Academy,20,Aliceville,13,2,regular,
Washington County,34,St. Lukes,7,2,regular,
Winston County,51,Tanner,26,2,regular,
Addison,68,Shoals Christian,8,2,regular,
Appalachian,42,Locust Fork,39,2,regular,
Autauga Academy,41,Billingsley,19,2,regular,
Berry Fayette,68,Marion County,42,2,regular,
Brantley,6,Pleasant Home,0,2,regular,
Choctaw County,34,Francis Marion,6,2,regular,
Georgiana,38,Florala,28,2,regular,
Hackleburg,33,Meek,0,2,regular,
Hubbertville,64,South Lamar,33,2,regular,
Leroy,42,McIntosh,26,2,regular,
Linden,20,Pickens Academy,0,2,regular,
Lynn,70,Brilliant,0,2,regular,
Maplesville,58,Ellwood Christian,0,2,regular,
McKenzie,50,Elba,20,2,regular,
Millry,25,Sweet Water,12,2,regular,
Phillips,26,Vina,12,2,regular,
Pisgah,52,Section,6,2,regular,
RC Hatch,24,Holy Spirit,14,2,regular,
Red Level,29,Kinston,22,2,regular,
Southern Choctaw,50,JF Shields,0,2,regular,
Spring Garden,52,Ragland,33,2,regular,
University Charter,30,Red Bay,7,2,regular,
Valley Head,55,Gaylesville,38,2,regular,
Verbena,28,Keith,26,2,regular,
Wadley,56,Fayetteville,27,2,regular,
Waterloo,52,Cherokee,46,2,regular,
Winterboro,58,Central Coosa,24,2,regular,
Woodland,35,Victory Christian,21,2,regular,
Woodville,43,Ider,7,2,regular,
Alma Bryant,44,Springville,31,3,regular,
Auburn,23,Enterprise,7,3,regular,
Austin,34,Florence,8,3,regular,
Bob Jones,42,Grissom,0,3,regular,
Carver-Montgomery,47,Smiths Station,0,3,regular,
Central-Phenix City,56,Dothan,28,3,regular,
Daphne,38,Foley,7,3,regular,
Hewitt-Trussville,17,Hoover,14,3,regular,
James Clemens,31,Huntsville,14,3,regular,
Mary Montgomery,37,Robertsdale,0,3,regular,
Opelika,59,JAG,20,3,regular,
Prattville,49,Tuscaloosa County,7,3,regular,
Sparkman,45,Albertville,27,3,regular,
Thompson,41,Oak Mountain,0,3,regular,
Vestavia Hills,42,Hillcrest-Tuscaloosa,24,3,regular,
Benjamin Russell,49,Chilton County,16,3,regular,
Bessemer City,28,Central-Tuscaloosa,7,3,regular,
Buckhorn,17,Hazel Green,14,3,regular,
Clay-Chalkville,50,Shades Valley,0,3,regular,
Fort Payne,28,Southside Gadsden,0,3,regular,
Gulf Shores,10,McGill-Toolen,6,3,regular,
Hartselle,63,Columbia,0,3,regular,
Homewood,52,Woodlawn,8,3,regular,
Hueytown,42,Paul Bryant,7,3,regular,
Jackson-Olin,45,Gardendale,31,3,regular,
Jasper,30,Cullman,29,3,regular,
Mae Jemison,40,Lee-Huntsville,0,3,regular,
Muscle Shoals,66,Decatur,0,3,regular,
Northridge,37,Brookwood,7,3,regular,
Oxford,41,Pinson Valley,40,3,regular,
Parker,42,Mortimer Jordan,7,3,regular,
Pelham,37,Calera,34,3,regular,
Pike Road,29,Wetumpka,6,3,regular,
Russell County,56,Percy Julian,22,3,regular,
Saraland,54,Spanish Fort,7,3,regular,
Spain Park,38,Helena,14,3,regular,
Stanhope Elmore,33,Park Crossing,0,3,regular,
St. Paul’s,50,Murphy,6,3,regular,
Theodore,41,Baldwin County,14,3,regular,
Andalusia,42,Greenville,21,3,regular,
Arab,31,Brewer,13,3,regular,
BC Rain,52,Elberta,11,3,regular,
Beauregard,34,Sylacauga,30,3,regular,
Briarwood,36,Carver-Birmingham,22,3,regular,
Central Clay County,39,Marbury,14,3,regular,
Charles Henderson,30,Carroll,15,3,regular,
Williamson,57,Citronelle,5,3,regular,
Demopolis,38,Montevallo,6,3,regular,
Elmore County,31,Holtville,7,3,regular,
Eufaula,40,Headland,21,3,regular,
Fairview,42,Ardmore,7,3,regular,
Guntersville,49,Sardis,12,3,regular,
Jacksonville,42,Center Point,9,3,regular,
John Carroll,36,Hayden,26,3,regular,
Leeds,45,Lincoln,15,3,regular,
LeFlore,28,Faith Academy,27,3,regular,
Moody,55,St. Clair County,0,3,regular,
Northside,56,Selma,7,3,regular,
Pensacola Catholic (FL),17,Montgomery Catholic,6,3,regular,
Ramsay,34,Corner,14,3,regular,
Russellville,20,East Limestone,7,3,regular,
Scottsboro,61,Douglas,14,3,regular,
Shelby County,41,Jemison,7,3,regular,
Sipsey Valley,48,Aliceville,32,3,regular,
Vigor,39,UMS-Wright,26,3,regular,
West Point,41,Lawrence County,8,3,regular,
Anniston,20,Alexandria,18,3,regular,
Ashford,38,Geneva,7,3,regular,
Ashville,22,Oneonta,21,3,regular,
Bibb County,49,American Christian,13,3,regular,
Brooks,27,Central-Florence,7,3,regular,
BT Washington,17,Tallassee,14,3,regular,
Bullock County,56,Munford,21,3,regular,
Cherokee County,38,Etowah,14,3,regular,
Cleburne County,29,Talladega,8,3,regular,
Cordova,41,Curry,14,3,regular,
Deshler,49,Wilson,6,3,regular,
Fairfield,27,Tarrant,18,3,regular,
Fayette County,44,Fultondale,0,3,regular,
Good Hope,42,Haleyville,0,3,regular,
Hamilton,42,Dora,0,3,regular,
Handley,42,St. James,0,3,regular,
Hatton,21,East Lawrence,12,3,regular,
Jackson,28,Baker,14,3,regular,
Madison County,27,New Hope,6,3,regular,
New Brockton,36,Daleville,33,3,regular,
Mobile Christian,29,Escambia County,18,3,regular,
North Jackson,61,St. John Paul II,21,3,regular,
Oak Grove,46,Pleasant Grove,13,3,regular,
Plainview,55,DAR,8,3,regular,
Randolph,35,Westminster Christian,12,3,regular,
St. Michael,56,Satsuma,0,3,regular,
Straughn,22,Dale County,19,3,regular,
West Blocton,41,Holt,18,3,regular,
West Limestone,42,Danville,21,3,regular,
West Morgan,8,Priceville,7,3,regular,
WS Neal,44,Orange Beach,15,3,regular,
Bayside Academy,60,Monroe County,0,3,regular,
Carbon Hill,62,Hanceville,41,3,regular,
Colbert County,34,Lauderdale County,14,3,regular,
Colbert Heights,36,Elkmont,21,3,regular,
Collinsville,24,Whitesburg Christian,21,3,regular,
Fyffe,54,Asbury,6,3,regular,
Geraldine,64,Sylvania,21,3,regular,
Glencoe,42,Walter Wellborn,0,3,regular,
Glenwood School,49,Childersburg,12,3,regular,
Gordo,35,Winfield,21,3,regular,
Hale County,34,Greensboro,8,3,regular,
Hillcrest-Evergreen,41,Excel,7,3,regular,
Hokes Bluff,35,White Plains,28,3,regular,
Holly Pond,60,Brindlee Mountain,12,3,regular,
Houston Academy,56,Slocomb,0,3,regular,
JB Pennington,42,Ohatchee,14,3,regular,
Lee-Scott Academy,70,Beulah,16,3,regular,
Mars Hill,55,Sheffield,8,3,regular,
Montgomery Academy,14,Wicksburg,9,3,regular,
Opp,29,Pike County,22,3,regular,
Phil Campbell,36,Oakman,30,3,regular,
Prattville Christian,34,Northside Methodist,14,3,regular,
Randolph County,35,Dadeville,34,3,regular,
Rogers,28,Clements,20,3,regular,
Southside-Selma,74,Dallas County,0,3,regular,
Thorsby,62,Wilcox Central,12,3,regular,
Thomasville,50,Sumter Central,0,3,regular,
Trinity,28,Alabama Christian,0,3,regular,
TR Miller,27,Flomaton,10,3,regular,
Vinemont,37,Midfield,16,3,regular,
Weaver,28,Saks,24,3,regular,
Westbrook Christian,53,Locust Fork,7,3,regular,
Ariton,41,Abbeville,24,3,regular,
Central Coosa,38,Horseshoe Bend,32,3,regular,
Clarke County,38,Bayshore Christian,7,3,regular,
Cold Springs,54,Cleveland,22,3,regular,
Coosa Christian,26,Falkville,0,3,regular,
Cottonwood,30,Houston County,20,3,regular,
Goshen,31,Calhoun,0,3,regular,
GW Long,47,Geneva County,34,3,regular,
Highland Home,20,Zion Chapel,14,3,regular,
Isabella,21,Tuscaloosa Academy,19,3,regular,
Lanett,51,Barbour County,0,3,regular,
Lexington,38,Tanner,0,3,regular,
Loachapoka,47,LaFayette,0,3,regular,
Luverne,68,Pike Liberal Arts,6,3,regular,
North Sand Mountain,34,Cedar Bluff,6,3,regular,
Pisgah,44,Pleasant Valley,20,3,regular,
Providence Christian,35,Samson,16,3,regular,
Red Bay,29,Winston County,28,3,regular,
Reeltown,56,Ranburne,7,3,regular,
Sand Rock,35,Section,12,3,regular,
Southeastern,34,Ragland,0,3,regular,
St. Lukes,54,Central-Hayneville,0,3,regular,
Sulligent,32,Greene County,14,3,regular,
Susan Moore,42,West End Walnut Grove,26,3,regular,
Vincent,53,Lamar County,18,3,regular,
Washington County,35,Chickasaw,21,3,regular,
Woodland,34,Gaston,12,3,regular,
Addison,66,Cherokee,0,3,regular,
Appalachian,56,Gaylesville,0,3,regular,
Billingsley,30,Verbena,28,3,regular,
Brantley,36,Red Level,20,3,regular,
Choctaw County,52,Pickens Academy,6,3,regular,
Florala,34,Pleasant Home,18,3,regular,
Fruitdale,42,JF Shields,20,3,regular,
Hackleburg,52,Waterloo,6,3,regular,
Hubbertville,44,Berry Fayette,12,3,regular,
Keith,22,Ellwood Christian,8,3,regular,
Kinston,42,Elba,34,3,regular,
Leroy,40,Sweet Water,13,3,regular,
Linden,48,RC Hatch,16,3,regular,
Lynn,34,Pickens County,25,3,regular,
Maplesville,48,Notasulga,0,3,regular,
Marion County,38,South Lamar,34,3,regular,
McKenzie,50,Georgiana,7,3,regular,
Meek,60,Phillips,6,3,regular,
Millry,20,Marengo,6,3,regular,
Shoals Christian,18,Vina,8,3,regular,
Southern Choctaw,28,McIntosh,14,3,regular,
University Charter,46,Holy Spirit,6,3,regular,
Valley Head,46,Ider,22,3,regular,
Wadley,1,Donoho,0,3,regular,
Winterboro,28,Fayetteville,21,3,regular,
Woodville,41,Spring Garden,26,3,regular,
Russell County,38,Park Crossing,0,4,regular,
Auburn,56,JAG,0,4,regular,
Austin,23,Albertville,12,4,regular,
Carver-Montgomery,50,Dothan,28,4,regular,
Central-Phenix City,53,Enterprise,24,4,regular,
Daphne,34,Baker,20,4,regular,
Davidson,28,Alma Bryant,15,4,regular,
Fairhope,47,Robertsdale,9,4,regular,
Florence,24,Bob Jones,6,4,regular,
Hewitt-Trussville,24,Hillcrest-Tuscaloosa,0,4,regular,
Hoover,48,Prattville,23,4,regular,
James Clemens,40,Grissom,6,4,regular,
Mary Montgomery,50,Foley,7,4,regular,
Oak Mountain,42,Tuscaloosa County,7,4,regular,
Opelika,42,Smiths Station,6,4,regular,
Sparkman,36,Huntsville,28,4,regular,
Thompson,35,Vestavia Hills,3,4,regular,
Benjamin Russell,35,Spain Park,34,4,regular,
Buckhorn,53,Lee-Huntsville,0,4,regular,
Carrollton (GA),19,Parker,7,4,regular,
Central-Tuscaloosa,31,Northridge,30,4,regular,
Chelsea,42,Calera,25,4,regular,
Clay-Chalkville,47,Brandon (MS),15,4,regular,
Fort Payne,36,Mae Jemison,18,4,regular,
Gadsden City,28,Hazel Green,14,4,regular,
Gulf Shores,28,Blount,0,4,regular,
Hartselle,42,Decatur,7,4,regular,
Homewood,49,Jackson-Olin,0,4,regular,
Hueytown,28,Bessemer City,7,4,regular,
Jasper,30,Athens,13,4,regular,
McAdory,54,Brookwood,27,4,regular,
Minor,35,Gardendale,33,4,regular,
Mountain Brook,35,Oxford,14,4,regular,
Muscle Shoals,42,Cullman,0,4,regular,
Pelham,35,Chilton County,0,4,regular,
Pell City,49,Huffman,7,4,regular,
Pike Road,43,Percy Julian,0,4,regular,
Pinson Valley,33,Shades Valley,0,4,regular,
Saraland,43,McGill-Toolen,10,4,regular,
Spanish Fort,41,Murphy,0,4,regular,
Theodore,42,St. Paul’s,21,4,regular,
Wetumpka,49,Rehobeth,18,4,regular,
Woodlawn,26,Mortimer Jordan,21,4,regular,
Boaz,45,Douglas,14,4,regular,
Briarwood,40,Wenonah,22,4,regular,
Central Clay County,58,Sylacauga,17,4,regular,
Carver-Birmingham,60,Hayden,14,4,regular,
Demopolis,47,Selma,8,4,regular,
Elmore County,33,Beauregard,6,4,regular,
Eufaula,52,Carroll,14,4,regular,
Fairview,55,Lawrence County,6,4,regular,
Faith Academy,48,Elberta,20,4,regular,
Guntersville,14,Arab,10,4,regular,
Headland,35,Greenville,0,4,regular,
Jacksonville,30,Leeds,7,4,regular,
Montgomery Catholic,35,Charles Henderson,21,4,regular,
Moody,31,Helena,28,4,regular,
Northside,49,Shelby County,17,4,regular,
Pace (FL),35,Andalusia,0,4,regular,
Priceville,31,East Limestone,6,4,regular,
Ramsay,40,John Carroll,7,4,regular,
Russellville,42,Ardmore,7,4,regular,
Scottsboro,42,Sardis,7,4,regular,
Sipsey Valley,26,Jemison,7,4,regular,
Springville,37,Lincoln,34,4,regular,
St. Clair County,47,Center Point,9,4,regular,
Valley,34,Marbury,21,4,regular,
Vigor,33,Citronelle,21,4,regular,
Williamson,48,BC Rain,0,4,regular,
Alexandria,49,Oneonta,33,4,regular,
American Christian,43,Fairfield,18,4,regular,
Anniston,24,Hokes Bluff,0,4,regular,
Ashford,34,Pike County,14,4,regular,
Ashville,27,Etowah,19,4,regular,
Bibb County,40,Holt,0,4,regular,
Brooks,35,Wilson,21,4,regular,
BT Washington,24,Cleburne County,7,4,regular,
Bullock County,19,Tallassee,17,4,regular,
Central-Florence,49,West Limestone,27,4,regular,
Cherokee County,34,White Plains,18,4,regular,
Dale County,13,New Brockton,6,4,regular,
Danville,20,East Lawrence,6,4,regular,
Fayette County,61,Haleyville,21,4,regular,
Fultondale,29,Dora,14,4,regular,
Good Hope,34,Cordova,6,4,regular,
Hamilton,48,Curry,21,4,regular,
Handley,42,Munford,14,4,regular,
Jackson,42,Mobile Christian,14,4,regular,
Madison Academy,48,Madison County,13,4,regular,
North Jackson,49,New Hope,0,4,regular,
Opp,48,Daleville,24,4,regular,
Orange Beach,47,Satsuma,21,4,regular,
Plainview,61,Pisgah,30,4,regular,
Pleasant Grove,43,Tarrant,13,4,regular,
Randolph,44,St. John Paul II,14,4,regular,
St. James,31,Talladega,14,4,regular,
St. Michael,56,Escambia County,14,4,regular,
Straughn,44,Geneva,7,4,regular,
West Blocton,18,Oak Grove,17,4,regular,
Westminster Christian,31,DAR,0,4,regular,
West Morgan,23,Hatton,14,4,regular,
WS Neal,55,Marianna (FL),0,4,regular,
Alabama Christian,50,Prattville Christian,13,4,regular,
Bayside Academy,49,Flomaton,7,4,regular,
BB Comer,38,Childersburg,14,4,regular,
Clements,50,Elkmont,31,4,regular,
Colbert County,42,Rogers,35,4,regular,
Colbert Heights,60,Sheffield,21,4,regular,
Collinsville,43,Asbury,19,4,regular,
Cottage Hill Christian,54,Excel,0,4,regular,
Dallas County,35,Sumter Central,6,4,regular,
Fyffe,54,Brindlee Mountain,14,4,regular,
Geraldine,45,Holly Pond,6,4,regular,
Glenwood School,40,Beulah,0,4,regular,
Gordo,56,Midfield,20,4,regular,
JB Pennington,46,Locust Fork,14,4,regular,
Mars Hill,42,Lauderdale County,7,4,regular,
Montgomery Academy,62,Northside Methodist,6,4,regular,
Oakman,63,Hanceville,13,4,regular,
Ohatchee,21,Weaver,13,4,regular,
Piedmont,40,Westbrook Christian,27,4,regular,
Southside-Selma,62,Greensboro,6,4,regular,
Sylvania,35,Whitesburg Christian,14,4,regular,
Thomasville,70,Wilcox Central,0,4,regular,
Thorsby,42,Hale County,37,4,regular,
Trinity,42,Slocomb,6,4,regular,
TR Miller,35,Hillcrest-Evergreen,20,4,regular,
Vinemont,38,Carbon Hill,6,4,regular,
Walter Wellborn,36,Saks,12,4,regular,
Wicksburg,36,Houston Academy,17,4,regular,
Winfield,55,Phil Campbell,28,4,regular,
Abbeville,48,Houston County,6,4,regular,
Ariton,29,GW Long,13,4,regular,
Central Coosa,50,Ranburne,14,4,regular,
Clarke County,21,JU Blacksher,0,4,regular,
Cleveland,33,West End Walnut Grove,26,4,regular,
Cold Springs,44,Winston County,18,4,regular,
Coosa Christian,56,Susan Moore,26,4,regular,
Cottonwood,40,Samson,22,4,regular,
Decatur Heritage,49,Tharptown,26,4,regular,
Goshen,45,Highland Home,20,4,regular,
Isabella,30,Aliceville,22,4,regular,
Lanett,36,LaFayette,0,4,regular,
Luverne,64,Zion Chapel,6,4,regular,
North Sand Mountain,54,Gaston,0,4,regular,
Pike Liberal Arts,48,Barbour County,16,4,regular,
Pleasant Valley,48,Sand Rock,7,4,regular,
Providence Christian,42,Geneva County,16,4,regular,
Red Bay,34,Lexington,21,4,regular,
Reeltown,73,Loachapoka,49,4,regular,
Section,19,Cedar Bluff,7,4,regular,
Southeastern,21,Falkville,14,4,regular,
St. Lukes,43,Bayshore Christian,20,4,regular,
Tuscaloosa Academy,41,Greene County,12,4,regular,
Vincent,34,Sulligent,8,4,regular,
Washington County,55,Central-Hayneville,8,4,regular,
Addison,46,Hackleburg,16,4,regular,
Appalachian,49,Ider,0,4,regular,
Berry Fayette,54,South Lamar,33,4,regular,
Brantley,36,Elba,34,4,regular,
Cherokee,26,Vina,6,4,regular,
Georgiana,37,Kinston,34,4,regular,
Holy Spirit,20,Francis Marion,0,4,regular,
Hubbertville,61,Marion County,28,4,regular,
Leroy,52,JF Shields,14,4,regular,
Linden,14,Choctaw County,9,4,regular,
Maplesville,38,Autauga Academy,0,4,regular,
McIntosh,26,Sweet Water,21,4,regular,
McKenzie,56,Florala,28,4,regular,
Meek,64,Waterloo,6,4,regular,
Millry,44,Fruitdale,6,4,regular,
Notasulga,45,Keith,0,4,regular,
Pickens County,57,Brilliant,6,4,regular,
Pleasant Home,26,Red Level,22,4,regular,
Shoals Christian,32,Phillips,19,4,regular,
Southern Choctaw,35,Marengo,0,4,regular,
Spring Garden,58,Valley Head,23,4,regular,
University Charter,62,Pickens Academy,0,4,regular,
Verbena,46,Ellwood Christian,6,4,regular,
Wadley,63,Victory Christian,6,4,regular,
Winterboro,47,Donoho,0,4,regular,
Woodville,37,Ragland,34,4,regular,
Albertville,20,Grissom,18,5,regular,
Alma Bryant,18,Citronelle,13,5,regular,
Auburn,41,Moody,7,5,regular,
Daphne,42,Spanish Fort,28,5,regular,
Fairhope,31,Theodore,7,5,regular,
Hewitt-Trussville,49,Pinson Valley,6,5,regular,
Hillcrest-Tuscaloosa,27,Hueytown,26,5,regular,
Hoover,45,Parker,42,5,regular,
IMG Academy (FL),49,Central-Phenix City,14,5,regular,
JAG,34,Percy Julian,27,5,regular,
Mary Montgomery,45,Baldwin County,0,5,regular,
Opelika,24,Pike Road,12,5,regular,
Robertsdale,22,Orange Beach,18,5,regular,
Athens,28,Hazel Green,0,5,regular,
Benjamin Russell,60,Charles Henderson,23,5,regular,
Brookwood,22,Chilton County,6,5,regular,
Central-Tuscaloosa,49,Gardendale,14,5,regular,
Chelsea,37,Paul Bryant,18,5,regular,
Clay-Chalkville,28,Thompson,24,5,regular,
Cullman,24,Brewer,11,5,regular,
Decatur,35,Lee-Huntsville,12,5,regular,
Fort Payne,34,Mortimer Jordan,14,5,regular,
Gadsden City,27,Bob Jones,24,5,regular,
Hartselle,48,Woodlawn,8,5,regular,
Jasper,34,Dora,9,5,regular,
Mae Jemison,34,Sparkman,27,5,regular,
McGill-Toolen,42,Davidson,7,5,regular,
Mountain Brook,25,Homewood,24,5,regular,
Oxford,42,Helena,7,5,regular,
Rehobeth,28,Cottonwood,16,5,regular,
Russell County,44,Valley,34,5,regular,
Southside Gadsden,21,Etowah,10,5,regular,
Spain Park,28,James Clemens,7,5,regular,
Stanhope Elmore,35,Smiths Station,21,5,regular,
St. Paul’s,41,Faith Academy,7,5,regular,
Wetumpka,36,Eufaula,32,5,regular,
Andalusia,21,Beauregard,7,5,regular,
Ardmore,41,Madison County,20,5,regular,
Boaz,20,Geraldine,0,5,regular,
Carver-Birmingham,36,Jackson-Olin,20,5,regular,
Central Clay County,26,Scottsboro,9,5,regular,
Corner,17,Jacksonville,7,5,regular,
Demopolis,34,Aliceville,12,5,regular,
Douglas,40,New Hope,7,5,regular,
East Limestone,34,West Limestone,0,5,regular,
John Carroll,47,Montevallo,7,5,regular,
Lawrence County,41,Haleyville,12,5,regular,
Leeds,29,Briarwood,28,5,regular,
Northside,40,Lincoln,13,5,regular,
Ramsay,56,Minor,26,5,regular,
Sipsey Valley,20,Marbury,19,5,regular,
St. Clair County,42,Shelby County,7,5,regular,
Sylacauga,43,Jemison,36,5,regular,
UMS-Wright,29,TR Miller,6,5,regular,
Wenonah,21,Huffman,14,5,regular,
West Point,42,Hayden,12,5,regular,
Williamson,100,Murphy,0,5,regular,
Alexandria,51,Sardis,13,5,regular,
Anniston,41,Pleasant Grove,13,5,regular,
Ashville,41,Decatur Heritage,17,5,regular,
Bibb County,22,Northridge,21,5,regular,
Blountstown (FL),38,WS Neal,7,5,regular,
Brooks,38,Lauderdale County,21,5,regular,
Bowdon (GA),7,BT Washington,0,5,regular,
Cherokee County,28,Shades Valley,13,5,regular,
Cleburne County,41,Walter Wellborn,12,5,regular,
DAR,62,Asbury,6,5,regular,
Deshler,57,Colbert County,16,5,regular,
East Lawrence,28,Columbia,24,5,regular,
Fairfield,51,Selma,24,5,regular,
Good Hope,41,Addison,6,5,regular,
Hamilton,55,Sulligent,6,5,regular,
Handley,15,Lanett,13,5,regular,
Hatton,48,Westminster Christian,13,5,regular,
Hokes Bluff,49,Glencoe,21,5,regular,
Holt,39,Pickens Academy,7,5,regular,
Jackson,33,LeFlore,0,5,regular,
Madison Academy,35,Arab,27,5,regular,
New Brockton,20,Monroe County,12,5,regular,
Opp,48,Destin (Fl),19,5,regular,
Pike County,21,Carroll,14,5,regular,
Plainview,34,Sylvania,7,5,regular,
Satsuma,31,St. Lukes,20,5,regular,
Westbrook Christian,49,Munford,0,5,regular,
White Plains,40,Horseshoe Bend,7,5,regular,
Clements,21,Tanner,18,5,regular,
Collinsville,63,Sand Rock,18,5,regular,
Cottage Hill Christian,44,Choctaw County,0,5,regular,
Flomaton,21,Jay (FL),7,5,regular,
Gordo,1,Pickens County,0,5,regular,
Greensboro,23,RC Hatch,0,5,regular,
Hillcrest-Evergreen,27,Greenville,20,5,regular,
JB Pennington,36,Cleveland,28,5,regular,
Mobile Christian,52,St. Stanislaus (MS),0,5,regular,
Ohatchee,42,Donoho,6,5,regular,
Phil Campbell,26,Hackleburg,10,5,regular,
Piedmont,61,BB Comer,0,5,regular,
Randolph County,34,Ranburne,7,5,regular,
Sheffield,46,Waterloo,18,5,regular,
Slocomb,28,Geneva,20,5,regular,
Southside-Selma,56,Keith,12,5,regular,
Trinity,34,St. James,28,5,regular,
Vinemont,28,West End Walnut Grove,0,5,regular,
Whitesburg Christian,31,Gaston,6,5,regular,
Wicksburg,37,Daleville,13,5,regular,
Winfield,21,Fayette County,14,5,regular,
Abbeville,54,Barbour County,0,5,regular,
Baker (FL),43,Houston County,16,5,regular,
Central Coosa,46,Saks,19,5,regular,
Chickasaw,48,Fruitdale,20,5,regular,
Clarke County,26,Millry,7,5,regular,
Cold Springs,36,Lynn,12,5,regular,
Coosa Christian,25,Blount,14,5,regular,
Falkville,22,Colbert Heights,12,5,regular,
Goshen,48,Elba,21,5,regular,
Greene County,42,Sumter Central,6,5,regular,
Highland Home,28,Brantley,18,5,regular,
Isabella,28,Billingsley,16,5,regular,
JU Blacksher,24,Excel,19,5,regular,
Lexington,56,Wilson,20,5,regular,
Loachapoka,50,Beulah,6,5,regular,
Luverne,48,Montgomery Academy,45,5,regular,
North Sand Mountain,49,Valley Head,0,5,regular,
Pisgah,34,Randolph,14,5,regular,
Pleasant Valley,54,Woodland,27,5,regular,
Red Bay,42,Belmont (MS),22,5,regular,
Reeltown,14,Dadeville,0,5,regular,
Samson,30,Kinston,26,5,regular,
Tharptown,40,Vina,12,5,regular,
Vincent,40,Childersburg,15,5,regular,
Winston County,22,Curry,0,5,regular,
Autauga Academy,21,Prattville Christian,20,5,regular,
Berry Fayette,16,Lamar County,14,5,regular,
Brilliant,30,Phillips,28,5,regular,
Ellwood Christian,20,Central-Hayneville,18,5,regular,
Fayetteville,59,Ragland,12,5,regular,
Florala,33,Bayshore Christian,0,5,regular,
Hubbertville,60,Holy Spirit,6,5,regular,
Leroy,44,Washington County,14,5,regular,
Maplesville,52,Holtville,14,5,regular,
McIntosh,64,Calhoun,0,5,regular,
McKenzie,50,JF Shields,6,5,regular,
Red Level,24,LaFayette,20,5,regular,
Southern Choctaw,14,Linden,8,5,regular,
Spring Garden,42,Cedar Bluff,14,5,regular,
Sweet Water,46,Georgiana,12,5,regular,
University Charter,48,Marengo,0,5,regular,
Verbena,14,Gaylesville,6,5,regular,
Victory Christian,31,Francis Marion,14,5,regular,
Wadley,35,Glenwood School,21,5,regular,
Winterboro,31,Weaver,20,5,regular,
Woodville,36,Brindlee Mountain,18,5,regular,
Baker,35,Robertsdale,9,6,regular,
Carver-Montgomery,49,Enterprise,14,6,regular,
Central-Phenix City,36,Auburn,0,6,regular,
Daphne,50,Davidson,20,6,regular,
Fairhope,38,Foley,13,6,regular,
Florence,21,James Clemens,17,6,regular,
Grissom,34,Guntersville,16,6,regular,
Hillcrest-Tuscaloosa,63,Tuscaloosa County,21,6,regular,
Hoover,48,Oak Mountain,21,6,regular,
Huntsville,21,Austin,17,6,regular,
Mary Montgomery,42,Alma Bryant,8,6,regular,
Opelika,21,Dothan,14,6,regular,
Smiths Station,42,JAG,32,6,regular,
Sparkman,29,Bob Jones,26,6,regular,
Thompson,34,Hewitt-Trussville,12,6,regular,
Vestavia Hills,54,Prattville,28,6,regular,
Benjamin Russell,28,Helena,10,6,regular,
Bessemer City,52,Paul Bryant,8,6,regular,
Calera,43,Brookwood,29,6,regular,
Chelsea,30,Chilton County,0,6,regular,
Clay-Chalkville,49,Mountain Brook,0,6,regular,
Decatur,37,Columbia,0,6,regular,
Fort Payne,45,Buckhorn,22,6,regular,
Gadsden City,44,Lee-Huntsville,6,6,regular,
Hartselle,24,Cullman,0,6,regular,
Homewood,42,Gardendale,9,6,regular,
Hueytown,42,Northridge,32,6,regular,
McAdory,21,Central-Tuscaloosa,20,6,regular,
Mortimer Jordan,35,Minor,14,6,regular,
Muscle Shoals,28,Athens,0,6,regular,
Oxford,36,Pell City,31,6,regular,
Parker,52,Jackson-Olin,6,6,regular,
Percy Julian,33,Rehobeth,6,6,regular,
Pike Road,54,Park Crossing,7,6,regular,
Russell County,28,Stanhope Elmore,10,6,regular,
Saraland,28,Baldwin County,0,6,regular,
Shades Valley,34,Huffman,7,6,regular,
Southside Gadsden,22,Mae Jemison,16,6,regular,
Spain Park,42,Pelham,7,6,regular,
Spanish Fort,41,Blount,22,6,regular,
St. Paul’s,27,Gulf Shores,23,6,regular,
Theodore,31,Murphy,0,6,regular,
Andalusia,24,Charles Henderson,6,6,regular,
Arab,21,Douglas,14,6,regular,
Beauregard,27,Holtville,0,6,regular,
Boaz,28,Sardis,24,6,regular,
Brewer,34,Scottsboro,31,6,regular,
Central Clay County,21,Elmore County,14,6,regular,
Corner,42,Briarwood,27,6,regular,
Demopolis,29,Shelby County,27,6,regular,
Eufaula,42,Greenville,7,6,regular,
Fairview,35,Russellville,28,6,regular,
Jacksonville,49,Springville,32,6,regular,
Lawrence County,30,East Limestone,13,6,regular,
LeFlore,32,BC Rain,26,6,regular,
Montgomery Catholic,42,Carroll,0,6,regular,
Moody,53,Center Point,0,6,regular,
Northside,55,Sipsey Valley,7,6,regular,
Priceville,26,West Point,0,6,regular,
Ramsay,73,Hayden,6,6,regular,
Selma,30,Montevallo,10,6,regular,
St. Clair County,50,Leeds,49,6,regular,
UMS-Wright,34,Citronelle,14,6,regular,
Valley,42,Sylacauga,35,6,regular,
Vigor,49,Elberta,0,6,regular,
Wenonah,33,John Carroll,14,6,regular,
Williamson,54,Faith Academy,0,6,regular,
Alexandria,39,Hokes Bluff,21,6,regular,
American Christian,38,Pleasant Grove,21,6,regular,
Anniston,20,Cherokee County,13,6,regular,
Ashford,22,Straughn,10,6,regular,
Ashville,38,White Plains,16,6,regular,
Bibb County,34,West Blocton,14,6,regular,
Brooks,65,Danville,0,6,regular,
BT Washington,26,St. James,6,6,regular,
Dale County,35,Opp,21,6,regular,
Deshler,48,Central-Florence,13,6,regular,
Dora,33,Haleyville,7,6,regular,
Fairfield,46,Holt,13,6,regular,
Fairview,35,Russellville,28,6,regular,
Fayette County,41,Cordova,7,6,regular,
Good Hope,48,Curry,8,6,regular,
Hamilton,62,Fultondale,15,6,regular,
Handley,33,Bullock County,7,6,regular,
Hatton,40,West Limestone,14,6,regular,
Madison Academy,57,North Jackson,56,6,regular,
Munford,21,Talladega,12,6,regular,
New Brockton,42,Geneva,7,6,regular,
Oak Grove,56,Tarrant,21,6,regular,
Oneonta,21,Etowah,7,6,regular,
Orange Beach,29,Escambia County,22,6,regular,
Pike County,57,Daleville,20,6,regular,
Plainview,41,Madison County,21,6,regular,
Randolph,45,DAR,15,6,regular,
St. John Paul II,35,New Hope,27,6,regular,
St. Michael,49,Jackson,39,6,regular,
Tallassee,23,Cleburne County,16,6,regular,
West Morgan,64,East Lawrence,0,6,regular,
WS Neal,55,Satsuma,19,6,regular,
Bayside Academy,56,Hillcrest-Evergreen,6,6,regular,
Beulah,39,BB Comer,30,6,regular,
Brindlee Mountain,54,Asbury,18,6,regular,
Colbert County,32,Colbert Heights,6,6,regular,
Cottage Hill Christian,28,TR Miller,14,6,regular,
Dallas County,22,Wilcox Central,16,6,regular,
Elkmont,47,Sheffield,42,6,regular,
Flomaton,40,Monroe County,8,6,regular,
Fyffe,41,Sylvania,6,6,regular,
Geraldine,29,Collinsville,19,6,regular,
Glencoe,56,Weaver,19,6,regular,
Glenwood School,49,Randolph County,22,6,regular,
Gordo,29,Oakman,13,6,regular,
Greensboro,18,Sumter Central,0,6,regular,
Houston Academy,21,Alabama Christian,14,6,regular,
JB Pennington,49,Saks,0,6,regular,
Lauderdale County,40,Clements,7,6,regular,
Lee-Scott Academy,27,Dadeville,20,6,regular,
Mars Hill,56,Rogers,10,6,regular,
Montgomery Academy,38,Trinity,12,6,regular,
Phil Campbell,36,Midfield,26,6,regular,
Piedmont,49,Locust Fork,7,6,regular,
Slocomb,37,Northside Methodist,25,6,regular,
Southside-Selma,36,Hale County,14,6,regular,
Thorsby,36,Thomasville,21,6,regular,
Vinemont,78,Hanceville,42,6,regular,
Westbrook Christian,48,Ohatchee,0,6,regular,
Wicksburg,42,Prattville Christian,14,6,regular,
Whitesburg Christian,28,Holly Pond,6,6,regular,
Winfield,61,Carbon Hill,13,6,regular,
Ariton,28,Providence Christian,13,6,regular,
Chickasaw,55,Central-Hayneville,8,6,regular,
Cold Springs,28,West End Walnut Grove,0,6,regular,
Coosa Christian,58,Cleveland,13,6,regular,
Cottonwood,50,Geneva County,20,6,regular,
Falkville,57,Decatur Heritage,16,6,regular,
Goshen,38,Barbour County,6,6,regular,
Greene County,30,Aliceville,12,6,regular,
GW Long,24,Abbeville,14,6,regular,
Isabella,35,Highland Home,6,6,regular,
JU Blacksher,51,St. Lukes,16,6,regular,
Lanett,20,Reeltown,19,6,regular,
Lexington,26,Winston County,18,6,regular,
Loachapoka,58,Central Coosa,6,6,regular,
Luverne,60,Calhoun,0,6,regular,
Pisgah,56,Sand Rock,0,6,regular,
Pleasant Valley,34,Cedar Bluff,6,6,regular,
Ranburne,47,Horseshoe Bend,10,6,regular,
Red Bay,36,Tupelo Christian (MS),8,6,regular,
Samson,35,Houston County,14,6,regular,
Section,42,Gaston,30,6,regular,
Southeastern,21,Susan Moore,16,6,regular,
Sulligent,40,Lamar County,8,6,regular,
Tanner,63,Tharptown,6,6,regular,
Tuscaloosa Academy,30,Vincent,12,6,regular,
Washington County,48,Bayshore Christian,14,6,regular,
Zion Chapel,36,Pike Liberal Arts,20,6,regular,
Addison,45,Waterloo,0,6,regular,
Appalachian,20,Spring Garden,8,6,regular,
Autauga Academy,58,Keith,12,6,regular,
Billingsley,40,Ellwood Christian,0,6,regular,
Brantley,28,Georgiana,20,6,regular,
Elba,45,Red Level,6,6,regular,
Fayetteville,36,Donoho,0,6,regular,
Florala,42,Kinston,26,6,regular,
Gaylesville,38,Ider,21,6,regular,
Hackleburg,42,Vina,0,6,regular,
Holy Spirit,23,Pickens Academy,6,6,regular,
Hubbertville,53,Pickens County,6,6,regular,
Leroy,60,Marengo,22,6,regular,
Linden,36,Francis Marion,0,6,regular,
Lynn,44,Berry Fayette,22,6,regular,
Marion County,62,Brilliant,0,6,regular,
McIntosh,26,Millry,6,6,regular,
McKenzie,52,Pleasant Home,13,6,regular,
Meek,58,Shoals Christian,6,6,regular,
Notasulga,19,Verbena,0,6,regular,
Phillips,36,Cherokee,12,6,regular,
Ragland,58,Valley Head,21,6,regular,
Southern Choctaw,60,Fruitdale,8,6,regular,
Sweet Water,45,JF Shields,0,6,regular,
University Charter,40,RC Hatch,8,6,regular,
Wadley,49,Woodland,7,6,regular,
Winterboro,39,Victory Christian,7,6,regular,
Auburn,38,Smiths Station,0,7,regular,
Austin,31,Bob Jones,7,7,regular,
Baker,41,Foley,9,7,regular,
Central-Phenix City,58,Carver-Montgomery,35,7,regular,
Daphne,39,Alma Bryant,0,7,regular,
Davidson,15,Robertsdale,14,7,regular,
Dothan,56,JAG,24,7,regular,
Enterprise,42,Opelika,20,7,regular,
Florence,43,Grissom,0,7,regular,
Hoover,51,Tuscaloosa County,7,7,regular,
Huntsville,34,Albertville,0,7,regular,
James Clemens,31,Sparkman,24,7,regular,
Mary Montgomery,28,Fairhope,21,7,regular,
Prattville,24,Hewitt-Trussville,21,7,regular,
Thompson,56,Hillcrest-Tuscaloosa,10,7,regular,
Vestavia Hills,41,Oak Mountain,0,7,regular,
Baldwin County,56,Murphy,0,7,regular,
Buckhorn,14,Southside Gadsden,8,7,regular,
Calera,41,Chilton County,16,7,regular,
Central-Tuscaloosa,56,Brookwood,14,7,regular,
Clay-Chalkville,56,Huffman,6,7,regular,
Cullman,39,Columbia,0,7,regular,
Fort Payne,30,Gadsden City,17,7,regular,
Gulf Shores,24,Spanish Fort,19,7,regular,
Mae Jemison,12,Decatur,7,7,regular,
McGill-Toolen,35,Blount,8,7,regular,
Mortimer Jordan,35,Gardendale,28,7,regular,
Muscle Shoals,34,Jasper,15,7,regular,
Northridge,35,Paul Bryant,10,7,regular,
Hartselle,28,Athens,14,7,regular,
Hazel Green,48,Lee-Huntsville,15,7,regular,
Helena,21,Pelham,20,7,regular,
Hueytown,43,McAdory,38,7,regular,
Jackson-Olin,20,Woodlawn,18,7,regular,
Mountain Brook,39,Pinson Valley,35,7,regular,
Parker,70,Minor,20,7,regular,
Pell City,21,Shades Valley,14,7,regular,
Pike Road,37,Stanhope Elmore,0,7,regular,
Rehobeth,22,Park Crossing,3,7,regular,
Saraland,42,St. Paul’s,10,7,regular,
Spain Park,44,Chelsea,7,7,regular,
Wetumpka,34,Percy Julian,20,7,regular,
Andalusia,42,Eufaula,10,7,regular,
Ardmore,55,Lawrence County,23,7,regular,
Carver-Birmingham,16,Wenonah,14,7,regular,
Boaz,23,Brewer,19,7,regular,
Briarwood,23,John Carroll,7,7,regular,
Carroll,29,Greenville,12,7,regular,
Central Clay County,42,Holtville,0,7,regular,
Citronelle,24,BC Rain,21,7,regular,
Corner,56,Hayden,20,7,regular,
Demopolis,28,Sipsey Valley,20,7,regular,
Douglas,35,Sardis,21,7,regular,
Fairview,28,Priceville,7,7,regular,
Jacksonville,34,Lincoln,24,7,regular,
LeFlore,20,Elberta,8,7,regular,
Montgomery Catholic,51,Headland,7,7,regular,
Moody,25,Leeds,22,7,regular,
Northside,49,Jemison,25,7,regular,
Russellville,35,Hatton,26,7,regular,
Scottsboro,31,Guntersville,10,7,regular,
Shelby County,50,Montevallo,21,7,regular,
St. Clair County,42,Springville,21,7,regular,
Sylacauga,36,Marbury,35,7,regular,
Valley,20,Elmore County,17,7,regular,
Vigor,47,Faith Academy,0,7,regular,
West Point,14,East Limestone,6,7,regular,
Williamson,40,UMS-Wright,10,7,regular,
Alexandria,56,Ashville,13,7,regular,
American Christian,41,Tarrant,13,7,regular,
Anniston,48,Etowah,7,7,regular,
Ashford,16,New Brockton,6,7,regular,
BT Washington,43,Abbeville,6,7,regular,
Bullock County,35,Talladega,7,7,regular,
Central-Florence,55,East Lawrence,32,7,regular,
Cherokee County,24,Hokes Bluff,10,7,regular,
Dale County,28,Daleville,6,7,regular,
Deshler,27,Brooks,13,7,regular,
Dora,34,Cordova,33,7,regular,
Fayette County,67,Curry,16,7,regular,
Fultondale,26,Haleyville,21,7,regular,
Handley,45,Tallassee,14,7,regular,
Hamilton,28,Good Hope,21,7,regular,
Madison Academy,33,New Hope,10,7,regular,
Madison County,27,Westminster Christian,0,7,regular,
Jackson,41,Orange Beach,0,7,regular,
Oak Grove,35,Bibb County,28,7,regular,
Oneonta,36,White Plains,21,7,regular,
Opp,42,Geneva,21,7,regular,
Pike County,34,Straughn,28,7,regular,
Plainview,35,North Jackson,24,7,regular,
Pleasant Grove,21,Holt,15,7,regular,
St. James,14,Cleburne County,7,7,regular,
St. John Paul II,44,DAR,13,7,regular,
St. Michael,46,Mobile Christian,37,7,regular,
West Blocton,21,Fairfield,6,7,regular,
West Morgan,59,Danville,7,7,regular,
Wilson,44,West Limestone,23,7,regular,
WS Neal,51,Escambia County,6,7,regular,
Bayside Academy,25,Cottage Hill Christian,7,7,regular,
Beulah,40,Childersburg,22,7,regular,
Colbert County,62,Clements,22,7,regular,
Collinsville,28,Sylvania,26,7,regular,
Fyffe,62,Whitesburg Christian,21,7,regular,
Geraldine,63,Brindlee Mountain,0,7,regular,
Glencoe,46,Saks,6,7,regular,
Glenwood School,50,Dadeville,22,7,regular,
Greensboro,46,Wilcox Central,12,7,regular,
Hale County,42,Thomasville,35,7,regular,
Hillcrest-Evergreen,28,Monroe County,18,7,regular,
Holly Pond,42,Asbury,0,7,regular,
Houston Academy,21,Prattville Christian,13,7,regular,
Lauderdale County,62,Sheffield,0,7,regular,
Mars Hill,46,Elkmont,7,7,regular,
Midfield,56,Hanceville,20,7,regular,
Montgomery Academy,52,Slocomb,0,7,regular,
Phil Campbell,56,Carbon Hill,12,7,regular,
Piedmont,51,JB Pennington,0,7,regular,
Pisgah,38,Cedar Bluff,13,7,regular,
Randolph County,56,BB Comer,12,7,regular,
Rogers,56,Colbert Heights,28,7,regular,
Southside-Selma,66,Sumter Central,0,7,regular,
Thorsby,54,Dallas County,8,7,regular,
Trinity,49,Northside Methodist,13,7,regular,
TR Miller,21,Excel,14,7,regular,
Vinemont,22,Gordo,19,7,regular,
Weaver,36,Locust Fork,34,7,regular,
Westbrook Christian,35,Trion (GA),28,7,regular,
Wicksburg,28,Alabama Christian,23,7,regular,
Winfield,32,Oakman,10,7,regular,
Baker (FL),49,Zion Chapel,6,7,regular,
Bayshore Christian,33,Central-Hayneville,0,7,regular,
Calhoun,32,Barbour County,12,7,regular,
Clarke County,40,Chickasaw,8,7,regular,
Coosa Christian,41,Cold Springs,8,7,regular,
Cottonwood,28,Ariton,27,7,regular,
Falkville,20,Susan Moore,12,7,regular,
Geneva County,40,Samson,14,7,regular,
Goshen,51,Pike Liberal Arts,7,7,regular,
Greene County,38,Isabella,36,7,regular,
GW Long,48,Houston County,8,7,regular,
JU Blacksher,36,Washington County,13,7,regular,
Lanett,63,Central Coosa,0,7,regular,
Loachapoka,55,Horseshoe Bend,7,7,regular,
Luverne,61,Highland Home,13,7,regular,
North Sand Mountain,57,Section,7,7,regular,
Pleasant Valley,42,Gaston,8,7,regular,
Providence Christian,43,Abbeville,6,7,regular,
Red Bay,53,Tharptown,0,7,regular,
Reeltown,48,LaFayette,0,7,regular,
Southeastern,52,Cleveland,14,7,regular,
Tanner,46,Decatur Heritage,29,7,regular,
Tuscaloosa Academy,42,Lamar County,20,7,regular,
Vincent,27,Aliceville,0,7,regular,
West End Walnut Grove,38,Ider,20,7,regular,
Addison,62,Meek,22,7,regular,
Appalachian,34,Ragland,19,7,regular,
Autauga Academy,21,Verbena,6,7,regular,
Brantley,42,Florala,20,7,regular,
Elba,29,Pleasant Home,0,7,regular,
Fayetteville,29,Victory Christian,12,7,regular,
Georgiana,52,Red Level,24,7,regular,
Hackleburg,49,Phillips,6,7,regular,
Hubbertville,66,Brilliant,6,7,regular,
Leroy,28,Southern Choctaw,14,7,regular,
Linden,30,Holy Spirit,13,7,regular,
Maplesville,42,Billingsley,0,7,regular,
Marion County,42,Lynn,34,7,regular,
McIntosh,42,Marengo,18,7,regular,
McKenzie,52,Kinston,6,7,regular,
Millry,42,JF Shields,6,7,regular,
Notasulga,46,Ellwood Christian,6,7,regular,
RC Hatch,10,Francis Marion,6,7,regular,
Shoals Christian,48,Cherokee,26,7,regular,
South Lamar,42,Pickens County,37,7,regular,
Spring Garden,34,Gaylesville,8,7,regular,
Sweet Water,46,Fruitdale,8,7,regular,
University Charter,40,Choctaw County,0,7,regular,
Wadley,42,Lee-Scott Academy,7,7,regular,
Waterloo,38,Vina,8,7,regular,
Winterboro,60,Woodland,14,7,regular,
Woodville,27,Valley Head,21,7,regular,
Auburn,41,Carver-Montgomery,7,8,regular,
Baker,43,Mary Montgomery,28,8,regular,
Bob Jones,48,Albertville,0,8,regular,
Central-Phenix City,42,Opelika,6,8,regular,
Davidson,25,Foley,7,8,regular,
Dothan,48,Smiths Station,14,8,regular,
Enterprise,42,JAG,6,8,regular,
Fairhope,38,Daphne,21,8,regular,
Florence,45,Huntsville,29,8,regular,
Hewitt-Trussville,36,Oak Mountain,21,8,regular,
Hoover,33,Thompson,30,8,regular,
James Clemens,33,Austin,31,8,regular,
Prattville,38,Hillcrest-Tuscaloosa,31,8,regular,
Robertsdale,42,Alma Bryant,35,8,regular,
Sparkman,40,Grissom,14,8,regular,
Vestavia Hills,56,Tuscaloosa County,10,8,regular,
Athens,64,Columbia,14,8,regular,
Bessemer City,19,Northridge,16,8,regular,
Baldwin County,24,Blount,20,8,regular,
Benjamin Russell,32,Pelham,7,8,regular,
Buckhorn,6,Mae Jemison,0,8,regular,
Clay-Chalkville,40,Oxford,16,8,regular,
Cullman,37,Decatur,13,8,regular,
Fort Payne,38,Hazel Green,12,8,regular,
Hartselle,17,Jasper,14,8,regular,
Helena,21,Chelsea,9,8,regular,
Homewood,35,Parker,28,8,regular,
Hueytown,45,Brookwood,14,8,regular,
Jackson-Olin,46,Minor,40,8,regular,
McAdory,37,Paul Bryant,0,8,regular,
McGill-Toolen,48,St. Paul’s,29,8,regular,
Mountain Brook,43,Huffman,0,8,regular,
Pell City,24,Pinson Valley,21,8,regular,
Saraland,55,Murphy,0,8,regular,
Spain Park,42,Calera,13,8,regular,
Stanhope Elmore,47,Rehobeth,26,8,regular,
Theodore,20,Gulf Shores,14,8,regular,
Wetumpka,41,Park Crossing,6,8,regular,
Woodlawn,40,Gardendale,37,8,regular,
Andalusia,41,Carroll,0,8,regular,
Ardmore,35,East Limestone,16,8,regular,
BC Rain,23,Faith Academy,6,8,regular,
Central Clay County,46,Beauregard,7,8,regular,
Charles Henderson,16,Headland,7,8,regular,
Citronelle,24,LeFlore,14,8,regular,
Corner,42,John Carroll,7,8,regular,
Demopolis,35,Jemison,8,8,regular,
Douglas,49,Brewer,22,8,regular,
Elmore County,35,Marbury,3,8,regular,
Fairview,41,Sardis,39,8,regular,
Guntersville,34,Boaz,17,8,regular,
Leeds,21,Center Point,7,8,regular,
Montgomery Catholic,49,Greenville,7,8,regular,
Moody,55,Springville,7,8,regular,
Priceville,53,Lawrence County,13,8,regular,
Ramsay,34,Carver-Birmingham,6,8,regular,
Russellville,42,West Point,14,8,regular,
Scottsboro,28,Arab,7,8,regular,
Shelby County,38,Selma,14,8,regular,
Sipsey Valley,62,Montevallo,28,8,regular,
St. Clair County,42,Lincoln,35,8,regular,
UMS-Wright,34,Elberta,6,8,regular,
Valley,46,Holtville,14,8,regular,
Wenonah,22,Hayden,6,8,regular,
Williamson,22,Vigor,14,8,regular,
Alexandria,36,Cherokee County,28,8,regular,
American Christian,56,Oak Grove,42,8,regular,
Anniston,43,Oneonta,6,8,regular,
Ashville,24,Hokes Bluff,21,8,regular,
Bibb County,60,Fairfield,34,8,regular,
Brooks,49,Lexington,21,8,regular,
BT Washington,25,Bullock County,18,8,regular,
Cleburne County,27,Munford,7,8,regular,
Curry,31,Dora,21,8,regular,
Dale County,28,Pike County,11,8,regular,
Deshler,47,West Limestone,14,8,regular,
Escambia County,49,Satsuma,14,8,regular,
Fultondale,22,Cordova,18,8,regular,
Geneva,35,Daleville,34,8,regular,
Good Hope,24,Fayette County,22,8,regular,
Hamilton,56,Haleyville,14,8,regular,
Handley,55,Talladega,6,8,regular,
Hatton,63,Danville,0,8,regular,
Holt,52,Tarrant,18,8,regular,
Jackson,30,WS Neal,7,8,regular,
Madison Academy,48,St. John Paul II,29,8,regular,
Mobile Christian,32,Orange Beach,17,8,regular,
New Brockton,13,Straughn,10,8,regular,
North Jackson,34,Westminster Christian,16,8,regular,
Opp,22,Ashford,0,8,regular,
Plainview,48,New Hope,7,8,regular,
Pleasant Grove,14,West Blocton,3,8,regular,
Randolph,38,Madison County,14,8,regular,
St. Michael,50,Pensacola (FL),13,8,regular,
Tallassee,13,St. James,7,8,regular,
West Morgan,57,Central-Florence,19,8,regular,
White Plains,27,Etowah,21,8,regular,
Wilson,28,East Lawrence,22,8,regular,
Alabama Christian,35,Slocomb,14,8,regular,
Bayside Academy,35,Excel,7,8,regular,
Clements,28,Sheffield,27,8,regular,
Colbert County,72,Elkmont,19,8,regular,
Collinsville,52,Brindlee Mountain,7,8,regular,
Cottage Hill Christian,20,Monroe County,0,8,regular,
Dadeville,26,BB Comer,0,8,regular,
Flomaton,19,Hillcrest-Evergreen,6,8,regular,
Geraldine,49,Whitesburg Christian,24,8,regular,
Glencoe,70,Ohatchee,16,8,regular,
Glenwood School,20,Lee-Scott Academy,7,8,regular,
Hale County,40,Sumter Central,8,8,regular,
Houston Academy,48,Northside Methodist,7,8,regular,
Lauderdale County,39,Rogers,37,8,regular,
Mars Hill,55,Colbert Heights,0,8,regular,
Midfield,62,Carbon Hill,7,8,regular,
Montgomery Academy,46,Prattville Christian,6,8,regular,
Oakman,40,Vinemont,14,8,regular,
Piedmont,69,Weaver,21,8,regular,
Randolph County,42,Childersburg,6,8,regular,
Southside-Selma,66,Wilcox Central,0,8,regular,
Sylvania,47,Asbury,6,8,regular,
Thomasville,51,Dallas County,6,8,regular,
Trinity,28,Wicksburg,17,8,regular,
Walter Wellborn,54,Locust Fork,48,8,regular,
Westbrook Christian,34,JB Pennington,7,8,regular,
Winfield,48,Hanceville,21,8,regular,
Zion Chapel,27,Calhoun,6,8,regular,
Ariton,49,Samson,14,8,regular,
Central Coosa,26,LaFayette,13,8,regular,
Clarke County,36,St. Lukes,14,8,regular,
Cottonwood,59,Abbeville,20,8,regular,
Chickasaw,33,Bayshore Christian,14,8,regular,
Coosa Christian,55,West End Walnut Grove,0,8,regular,
Falkville,34,Cleveland,9,8,regular,
Fyffe,54,Holly Pond,14,8,regular,
Geneva County,62,Houston County,38,8,regular,
GW Long,36,Providence Christian,30,8,regular,
Highland Home,63,Pike Liberal Arts,12,8,regular,
JU Blacksher,47,Central-Hayneville,12,8,regular,
Lamar County,15,Aliceville,8,8,regular,
Lanett,61,Horseshoe Bend,6,8,regular,
Loachapoka,41,Ranburne,13,8,regular,
Luverne,56,Barbour County,0,8,regular,
Pisgah,48,Gaston,6,8,regular,
Pleasant Valley,42,North Sand Mountain,27,8,regular,
Red Bay,50,Decatur Heritage,9,8,regular,
Sand Rock,68,Cedar Bluff,40,8,regular,
Southeastern,13,Cold Springs,8,8,regular,
Tuscaloosa Academy,48,Sulligent,26,8,regular,
Vincent,33,Isabella,28,8,regular,
Winston County,77,Tharptown,6,8,regular,
Addison,1,Vina,0,8,regular,
Appalachian,62,Woodville,7,8,regular,
Autauga Academy,52,Ellwood Christian,0,8,regular,
Berry Fayette,30,Pickens County,18,8,regular,
Billingsley,35,Notasulga,19,8,regular,
Fayetteville,63,Woodland,13,8,regular,
Florala,55,Red Level,8,8,regular,
Georgiana,33,Elba,27,8,regular,
Hackleburg,50,Shoals Christian,20,8,regular,
Holy Spirit,27,Choctaw County,18,8,regular,
Hubbertville,50,Lynn,6,8,regular,
Kinston,22,Pleasant Home,14,8,regular,
Leroy,56,Fruitdale,0,8,regular,
Maplesville,56,Keith,0,8,regular,
McIntosh,62,JF Shields,0,8,regular,
McKenzie,76,Brantley,45,8,regular,
Meek,54,Cherokee,6,8,regular,
Ragland,41,Gaylesville,20,8,regular,
RC Hatch,22,Pickens Academy,12,8,regular,
Southern Choctaw,26,Millry,14,8,regular,
South Lamar,48,Brilliant,12,8,regular,
Spring Garden,28,Ider,14,8,regular,
Sweet Water,34,Marengo,6,8,regular,
University Charter,48,Francis Marion,8,8,regular,
Victory Christian,28,Donoho,7,8,regular,
Waterloo,28,Phillips,7,8,regular,
Addison,48,Phillips,6,9,regular,
Alexandria,40,Etowah,22,9,regular,
American Christian,63,Holt,34,9,regular,
Anniston,51,White Plains,6,9,regular,
Ariton,35,Geneva County,24,9,regular,
Athens,49,Decatur,14,9,regular,
Auburn,39,Dothan,26,9,regular,
Austin,35,Grissom,14,9,regular,
Beauregard,14,Valley,7,9,regular,
Benjamin Russell,42,Chelsea,21,9,regular,
Berry Fayette,47,Brilliant,8,9,regular,
Boaz,37,Arab,22,9,regular,
Brewer,39,Sardis,32,9,regular,
Carver-Birmingham,34,Corner,26,9,regular,
Center Point,46,Springville,21,9,regular,
Central Clay County,6,Pell City,3,9,regular,
Central-Tuscaloosa,37,Hueytown,21,9,regular,
Cherokee County,42,Ashville,18,9,regular,
Clarke County,34,Washington County,21,9,regular,
Cordova,14,Haleyville,13,9,regular,
Cottage Hill Christian,13,Flomaton,7,9,regular,
Cottonwood,34,GW Long,26,9,regular,
Cullman,22,Buckhorn,19,9,regular,
Dale County,62,Geneva,0,9,regular,
Daphne,60,Robertsdale,13,9,regular,
Elba,47,Florala,28,9,regular,
Enterprise,37,Smiths Station,0,9,regular,
Fairview,40,East Limestone,10,9,regular,
Fort Payne,49,Lee-Huntsville,24,9,regular,
Georgiana,48,Pleasant Home,3,9,regular,
Geraldine,17,Fyffe,6,9,regular,
Glencoe,45,Locust Fork,14,9,regular,
Good Hope,35,Dora,15,9,regular,
Gordo,61,Carbon Hill,25,9,regular,
Guntersville,28,Douglas,14,9,regular,
Hackleburg,32,Cherokee,0,9,regular,
Hamilton,38,Fayette County,21,9,regular,
Hatton,47,Central-Florence,7,9,regular,
Hazel Green,38,Southside Gadsden,29,9,regular,
Helena,39,Calera,21,9,regular,
Hewitt-Trussville,49,Tuscaloosa County,7,9,regular,
Homewood,31,Minor,14,9,regular,
Huntsville,21,Bob Jones,10,9,regular,
Isabella,30,Lamar County,7,9,regular,
James Clemens,45,Albertville,0,9,regular,
Jasper,61,Columbia,22,9,regular,
Jemison,42,Montevallo,6,9,regular,
Lanett,48,Ranburne,7,9,regular,
Lexington,69,Tharptown,6,9,regular,
Williamson,28,LeFlore,0,9,regular,
Madison County,35,DAR,21,9,regular,
Marion County,54,Pickens County,12,9,regular,
Mars Hill,52,Clements,0,9,regular,
Mary Montgomery,49,Davidson,0,9,regular,
McGill-Toolen,45,Spanish Fort,32,9,regular,
McIntosh,52,Fruitdale,8,9,regular,
McKenzie,62,Red Level,0,9,regular,
Meek,52,Vina,8,9,regular,
Montgomery Catholic,23,Andalusia,17,9,regular,
Moody,48,Lincoln,6,9,regular,
Mountain Brook,34,Shades Valley,7,9,regular,
Muscle Shoals,31,Hartselle,17,9,regular,
North Jackson,27,Randolph,21,9,regular,
Northside,48,Demopolis,14,9,regular,
Northview (FL),60,Central-Hayneville,0,9,regular,
Oakman,50,Midfield,22,9,regular,
Oneonta,21,Hokes Bluff,14,9,regular,
Opp,38,Straughn,22,9,regular,
Pelham,21,Leeds,14,9,regular,
Phil Campbell,76,Hanceville,29,9,regular,
Piedmont,56,Walter Wellborn,16,9,regular,
Pike County,42,New Brockton,21,9,regular,
Pisgah,42,North Sand Mountain,20,9,regular,
Plainview,49,Madison Academy,27,9,regular,
Pleasant Valley,42,Section,6,9,regular,
Providence Christian,61,Houston County,6,9,regular,
Ragland,41,Ider,18,9,regular,
Red Bay,44,Tanner,21,9,regular,
Rogers,62,Elkmont,28,9,regular,
Russellville,27,Priceville,13,9,regular,
Sand Rock,44,Gaston,28,9,regular,
Saraland,38,Theodore,14,9,regular,
Shoals Christian,21,Waterloo,20,9,regular,
South Lamar,46,Lynn,34,9,regular,
Southeastern,42,West End Walnut Grove,0,9,regular,
Spain Park,49,Chilton County,0,9,regular,
Sparkman,24,Florence,21,9,regular,
St. Michael,49,Orange Beach,7,9,regular,
Stanhope Elmore,35,Wetumpka,28,9,regular,
Sulligent,40,Aliceville,22,9,regular,
Sumter Central,60,Wilcox Central,38,9,regular,
Susan Moore,54,Cleveland,28,9,regular,
Montgomery Academy,50,Alabama Christian,21,9,regular,
Thomasville,50,Greensboro,16,9,regular,
Thompson,29,Prattville,15,9,regular,
Trinity,17,Houston Academy,14,9,regular,
UMS-Wright,51,Faith Academy,6,9,regular,
Vestavia Hills,39,Hoover,30,9,regular,
Victory Christian,49,Belgreen,24,9,regular,
Wadley,49,Winterboro,13,9,regular,
West Blocton,41,Tarrant,18,9,regular,
West Morgan,42,Wilson,7,9,regular,
West Point,25,Ardmore,20,9,regular,
Wicksburg,49,Northside Methodist,14,9,regular,
Winfield,47,Vinemont,7,9,regular,
Winston County,49,Decatur Heritage,0,9,regular,
Autauga Academy,19,Notasulga,18,9,regular,
Carver-Birmingham,34,Corner,26,9,regular,
Central-Phenix City,62,JAG,6,9,regular,
Charles Henderson,21,Eufaula,20,9,regular,
Clay-Chalkville,52,Pinson Valley,14,9,regular,
Deshler,56,East Lawrence,0,9,regular,
Fultondale,38,Curry,10,9,regular,
Gadsden City,13,Mae Jemison,12,9,regular,
Mortimer Jordan,28,Jackson-Olin,14,9,regular,
Oak Grove,61,Fairfield,14,9,regular,
Oxford,55,Huffman,6,9,regular,
Parker,63,Woodlawn,12,9,regular,
Pickens Academy,28,Francis Marion,12,9,regular,
Ramsay,28,Wenonah,7,9,regular,
Alma Bryant,44,Jackson-Olin,6,10,regular,
Baker,21,Vigor,12,10,regular,
Davidson,28,BC Rain,19,10,regular,
Dothan,64,Godby (FL),42,10,regular,
Enterprise,20,Choctawhatchee (FL),16,10,regular,
Foley,30,LeFlore,0,10,regular,
Huntsville,31,Lee-Huntsville,8,10,regular,
Oak Mountain,26,Chelsea,0,10,regular,
Prattville,43,JAG,12,10,regular,
Tuscaloosa County,28,Paul Bryant,7,10,regular,
Vestavia Hills,40,Montgomery Catholic,13,10,regular,
Athens,28,Russellville,12,10,regular,
Benjamin Russell,45,Percy Julian,13,10,regular,
Bessemer City,19,Wenonah,14,10,regular,
Buckhorn,45,Grissom,26,10,regular,
Fort Payne,28,Pelham,21,10,regular,
Gadsden City,42,Fultondale,0,10,regular,
Gulf Shores,45,Murphy,0,10,regular,
Hartselle,24,Mortimer Jordan,0,10,regular,
Hazel Green,34,Columbia,8,10,regular,
Helena,48,Tarrant,7,10,regular,
Homewood,38,James Clemens,28,10,regular,
Huffman,20,Fairfield,13,10,regular,
Jasper,49,Lawrence County,7,10,regular,
McAdory,56,Briarwood,13,10,regular,
McGill-Toolen,21,Baldwin County,14,10,regular,
Muscle Shoals,30,Austin,7,10,regular,
Northridge,26,Minor,25,10,regular,
Pell City,54,Southside Gadsden,19,10,regular,
Pike Road,45,Charles Henderson,0,10,regular,
Pinson Valley,48,Hueytown,40,10,regular,
Rehobeth,38,Headland,21,10,regular,
Russell County,36,Beauregard,8,10,regular,
Spain Park,45,Gardendale,17,10,regular,
Stanhope Elmore,49,Calera,33,10,regular,
St. Paul’s,28,Spanish Fort,24,10,regular,
Theodore,25,Blount,0,10,regular,
Wetumpka,23,Demopolis,7,10,regular,
Woodlawn,22,Center Point,0,10,regular,
Ardmore,59,Elkmont,32,10,regular,
Boaz,34,Oneonta,21,10,regular,
Brewer,24,West Point,17,10,regular,
Carver-Birmingham,44,Cordova,14,10,regular,
Corner,48,Springville,14,10,regular,
Elmore County,28,Chilton County,0,10,regular,
Eufaula,32,Early County (GA),19,10,regular,
Fairview,14,Good Hope,7,10,regular,
Greenville,19,Park Crossing,7,10,regular,
Guntersville,27,Albertville,19,10,regular,
John Carroll,24,West Blocton,23,10,regular,
Marbury,70,Elberta,44,10,regular,
Northside,45,American Christian,14,10,regular,
Priceville,42,Arab,21,10,regular,
Selma,46,Keith,20,10,regular,
Shelby County,39,East Limestone,7,10,regular,
St. Clair County,42,Ashville,7,10,regular,
Alexandria,35,Munford,15,10,regular,
Anniston,18,Jacksonville,3,10,regular,
Brooks,56,East Lawrence,20,10,regular,
BT Washington,27,Shades Valley,13,10,regular,
Central-Florence,21,Danville,12,10,regular,
Cleburne County,27,White Plains,14,10,regular,
Escambia County,28,Hillcrest-Evergreen,7,10,regular,
Etowah,44,Lincoln,28,10,regular,
Hatton,46,Wilson,27,10,regular,
Madison Academy,42,Westminster Christian,13,10,regular,
North Jackson,48,DAR,14,10,regular,
Oak Grove,70,Hanceville,15,10,regular,
Opp,22,Holmes County (FL),20,10,regular,
Plainview,49,St. John Paul II,21,10,regular,
Randolph,23,New Hope,22,10,regular,
Satsuma,28,Chickasaw,13,10,regular,
St. Michael,25,UMS-Wright,20,10,regular,
Straughn,36,Goshen,21,10,regular,
Tallassee,24,Holtville,8,10,regular,
West Morgan,13,Deshler,7,10,regular,
WS Neal,21,TR Miller,0,10,regular,
Bayside Academy,50,Tuscaloosa Academy,0,10,regular,
Beulah,29,Autauga Academy,12,10,regular,
Collinsville,49,Valley Head,21,10,regular,
Cottage Hill Christian,48,St. Lukes,14,10,regular,
Dallas County,30,RC Hatch,8,10,regular,
Excel,17,Southern Choctaw,14,10,regular,
Geraldine,42,Douglas,25,10,regular,
Glenwood School,38,Sylacauga,31,10,regular,
Hale County,55,Jemison,42,10,regular,
Holly Pond,58,Cleveland,40,10,regular,
JB Pennington,42,Weaver,14,10,regular,
Lee-Scott Academy,28,Reeltown,25,10,regular,
Mars Hill,41,Scottsboro,14,10,regular,
Monroe County,59,Wilcox Central,6,10,regular,
Northview (FL),28,Flomaton,14,10,regular,
Phil Campbell,46,Red Bay,38,10,regular,
Piedmont,46,Glencoe,0,10,regular,
Randolph County,25,Hokes Bluff,7,10,regular,
Sheffield,64,Shoals Christian,18,10,regular,
Slocomb,38,Geneva County,32,10,regular,
Southside-Selma,76,Bullock County,44,10,regular,
Thomasville,34,Clarke County,28,10,regular,
Thorsby,55,BB Comer,6,10,regular,
Westbrook Christian,48,Walter Wellborn,6,10,regular,
Whitesburg Christian,31,Sand Rock,14,10,regular,
Aliceville,40,Greensboro,8,10,regular,
Ariton,56,Brantley,7,10,regular,
Calhoun,62,Central-Hayneville,9,10,regular,
Cedar Bluff,35,Donoho,19,10,regular,
Falkville,42,Winston County,14,10,regular,
FAMU (FL),48,Houston County,30,10,regular,
Greene County,34,Pickens Academy,14,10,regular,
GW Long,54,Geneva,28,10,regular,
Jay (FL),50,JU Blacksher,22,10,regular,
LaFayette,37,Barbour County,6,10,regular,
Lexington,38,Rogers,28,10,regular,
Locust Fork,41,Saks,13,10,regular,
Luverne,32,Daleville,0,10,regular,
North Sand Mountain,45,Susan Moore,30,10,regular,
Pisgah,36,Sylvania,10,10,regular,
Providence Christian,28,Houston Academy,14,10,regular,
Ranburne,29,Spring Garden,21,10,regular,
Section,39,Woodville,31,10,regular,
Southeastern,29,Oakman,28,10,regular,
Sulligent,42,South Lamar,20,10,regular,
Vincent,47,Montevallo,19,10,regular,
Washington County,51,Fruitdale,6,10,regular,
Zion Chapel,21,Pleasant Home,7,10,regular,
Berry Fayette,46,Victory Christian,21,10,regular,
Fayetteville,41,Brilliant,0,10,regular,
Hubbertville,50,Hackleburg,20,10,regular,
Ider,36,Gaston,32,10,regular,
Maplesville,49,Alabama Christian,0,10,regular,
Marion County,40,Lamar County,36,10,regular,
McKenzie,50,Billingsley,6,10,regular,
Meek,34,Carbon Hill,6,10,regular,
Notasulga,41,Gaylesville,8,10,regular,
Ragland,51,Decatur Heritage,20,10,regular,
Phillips,46,Shoals Christian,18,10,regular,
Sweet Water,42,Tanner,7,10,regular,
Verbena,48,Red Level,12,10,regular,
Winterboro,32,Childersburg,8,10,regular,
Woodland,48,Horseshoe Bend,14,10,regular,
Addison,71,Ragland,39,11,playoff,r1
Berry Fayette,44,Fayetteville,37,11,playoff,r1
Appalachian,74,Shoals Christian,6,11,playoff,r1
Marion County,36,Winterboro,22,11,playoff,r1
Wadley,56,South Lamar,8,11,playoff,r1
Meek,42,Woodville,25,11,playoff,r1
Hubbertville,67,Woodland,27,11,playoff,r1
Hackleburg,32,Spring Garden,16,11,playoff,r1
University Charter,54,Notasulga,14,11,playoff,r1
Southern Choctaw,40,Georgiana,20,11,playoff,r1
Maplesville,58,RC Hatch,0,11,playoff,r1
McIntosh,20,Brantley,14,11,playoff,r1
McKenzie,46,Millry,14,11,playoff,r1
Autauga Academy,21,Choctaw County,12,11,playoff,r1
Leroy,53,Elba,14,11,playoff,r1
Linden,20,Billingsley,11,11,playoff,r1
Pisgah,42,Tanner,14,11,playoff,r1
Vincent,34,Falkville,6,11,playoff,r1
Red Bay,53,Sand Rock,14,11,playoff,r1
Southeastern,26,Sulligent,8,11,playoff,r1
Coosa Christian,56,Isabella,14,11,playoff,r1
Tuscaloosa Academy,35,Susan Moore,14,11,playoff,r1
Pleasant Valley,40,Winston County,28,11,playoff,r1
Luverne,50,Central Coosa,12,11,playoff,r1
GW Long,18,JU Blacksher,7,11,playoff,r1
Lanett,42,Zion Chapel,6,11,playoff,r1
Ariton,55,Washington County,14,11,playoff,r1
Cottonwood,46,Chickasaw,7,11,playoff,r1
Reeltown,55,Highland Home,19,11,playoff,r1
Providence Christian,17,Clarke County,14,11,playoff,r1
Loachapoka,47,Goshen,0,11,playoff,r1
Mars Hill,70,Whitesburg Christian,14,11,playoff,r1
Winfield,39,Glencoe,0,11,playoff,r1
Geraldine,59,Rogers,27,11,playoff,r1
Westbrook Christian,49,Vinemont,0,11,playoff,r1
Piedmont,59,Phil Campbell,19,11,playoff,r1
Fyffe,34,Lauderdale County,7,11,playoff,r1
Gordo,49,Walter Wellborn,0,11,playoff,r1
Colbert County,64,Collinsville,19,11,playoff,r1
Southside-Selma,35,Dadeville,12,11,playoff,r1
Cottage Hill Christian,41,Wicksburg,8,11,playoff,r1
Glenwood School,43,Thomasville,10,11,playoff,r1
Trinity,24,TR Miller,8,11,playoff,r1
Montgomery Academy,42,Flomaton,0,11,playoff,r1
Lee-Scott Academy,42,Hale County,14,11,playoff,r1
Bayside Academy,46,Houston Academy,7,11,playoff,r1
Randolph County,51,Thorsby,40,11,playoff,r1
West Morgan,55,Randolph,21,11,playoff,r1
Good Hope,28,Cherokee County,26,11,playoff,r1
Plainview,35,Brooks,12,11,playoff,r1
Alexandria,47,Fayette County,20,11,playoff,r1
Anniston,49,Fultondale,8,11,playoff,r1
Madison Academy,20,Hatton,19,11,playoff,r1
Hamilton,35,Ashville,28,11,playoff,r1
Deshler,42,North Jackson,14,11,playoff,r1
Handley,40,Bibb County,7,11,playoff,r1
Jackson,34,Ashford,0,11,playoff,r1
American Christian,20,Tallassee,7,11,playoff,r1
WS Neal,35,Opp,14,11,playoff,r1
Mobile Christian,15,Dale County,13,11,playoff,r1
Bullock County,21,Oak Grove,7,11,playoff,r1
St. Michael,49,Pike County,21,11,playoff,r1
Pleasant Grove,16,BT Washington,6,11,playoff,r1
Fairview,14,Arab,7,11,playoff,r1
Jacksonville,14,Ramsay,7,11,playoff,r1
Scottsboro,45,West Point,14,11,playoff,r1
St. Clair County,41,Carver-Birmingham,22,11,playoff,r1
Moody,49,Corner,21,11,playoff,r1
Priceville,24,Guntersville,21,11,playoff,r1
Briarwood,28,Leeds,3,11,playoff,r1
Russellville,29,Boaz,28,11,playoff,r1
Northside,48,Beauregard,14,11,playoff,r1
Vigor,40,Charles Henderson,16,11,playoff,r1
Central Clay County,48,Sipsey Valley,7,11,playoff,r1
Andalusia,28,UMS-Wright,25,11,playoff,r1
Montgomery Catholic,31,Citronelle,8,11,playoff,r1
Shelby County,26,Valley,23,11,playoff,r1
Williamson,50,Eufaula,14,11,playoff,r1
Elmore County,21,Demopolis,20,11,playoff,r1
Muscle Shoals,38,Mae Jemison,12,11,playoff,r1
Parker,42,Oxford,21,11,playoff,r1
Fort Payne,38,Athens,23,11,playoff,r1
Mountain Brook,38,Mortimer Jordan,0,11,playoff,r1
Clay-Chalkville,49,Jackson-Olin,26,11,playoff,r1
Gadsden City,40,Jasper,37,11,playoff,r1
Homewood,28,Pell City,14,11,playoff,r1
Hartselle,33,Buckhorn,7,11,playoff,r1
Benjamin Russell,26,Central-Tuscaloosa,14,11,playoff,r1
Theodore,44,Stanhope Elmore,27,11,playoff,r1
Hueytown,35,Pelham,28,11,playoff,r1
Russell County,33,Gulf Shores,30,11,playoff,r1
Pike Road,28,McGill-Toolen,10,11,playoff,r1
Bessemer City,24,Helena,7,11,playoff,r1
Saraland,49,Wetumpka,24,11,playoff,r1
Spain Park,24,McAdory,13,11,playoff,r1
Daphne,43,Sparkman,14,11,playoff,r1
Auburn,52,Vestavia Hills,41,11,playoff,r1
Baker,38,Florence,14,11,playoff,r1
Opelika,27,Hewitt-Trussville,21,11,playoff,r1
Thompson,31,Carver-Montgomery,7,11,playoff,r1
Mary Montgomery,45,Austin,7,11,playoff,r1
Central-Phenix City,34,Hoover,10,11,playoff,r1
Fairhope,31,James Clemens,21,11,playoff,r1
Addison,39,Berry Fayette,6,12,playoff,r2
Marion County,28,Appalachian,13,12,playoff,r2
Wadley,52,Meek,8,12,playoff,r2
Hubbertville,42,Hackleburg,6,12,playoff,r2
Southern Choctaw,26,University Charter,12,12,playoff,r2
Maplesville,48,McIntosh,0,12,playoff,r2
McKenzie,52,Autauga Academy,20,12,playoff,r2
Leroy,40,Linden,22,12,playoff,r2
Pisgah,44,Vincent,33,12,playoff,r2
Southeastern,28,Red Bay,21,12,playoff,r2
Coosa Christian,49,Lexington,16,12,playoff,r2
Tuscaloosa Academy,23,Pleasant Valley,13,12,playoff,r2
Luverne,29,GW Long,0,12,playoff,r2
Lanett,34,Ariton,14,12,playoff,r2
Reeltown,63,Cottonwood,28,12,playoff,r2
Providence Christian,17,Loachapoka,14,12,playoff,r2
Mars Hill,42,Winfield,6,12,playoff,r2
Geraldine,31,Westbrook Christian,15,12,playoff,r2
Piedmont,36,Fyffe,0,12,playoff,r2
Gordo,49,Colbert County,29,12,playoff,r2
Southside-Selma,39,Cottage Hill Christian,22,12,playoff,r2
Glenwood School,40,Trinity,7,12,playoff,r2
Montgomery Academy,38,Lee-Scott Academy,0,12,playoff,r2
Bayside Academy,47,Randolph County,7,12,playoff,r2
Good Hope,31,West Morgan,7,12,playoff,r2
Plainview,42,Alexandria,14,12,playoff,r2
Anniston,44,Madison Academy,12,12,playoff,r2
Deshler,31,Hamilton,30,12,playoff,r2
Jackson,42,Handley,28,12,playoff,r2
WS Neal,35,American Christian,7,12,playoff,r2
Bullock County,21,Mobile Christian,0,12,playoff,r2
St. Michael,41,Pleasant Grove,7,12,playoff,r2
Fairview,28,Jacksonville,13,12,playoff,r2
Scottsboro,42,St. Clair County,6,12,playoff,r2
Moody,60,Priceville,14,12,playoff,r2
Briarwood,42,Russellville,7,12,playoff,r2
Vigor,49,Northside,28,12,playoff,r2
Central Clay County,21,Andalusia,2,12,playoff,r2
Montgomery Catholic,38,Shelby County,15,12,playoff,r2
Williamson,42,Elmore County,14,12,playoff,r2
Muscle Shoals,17,Parker,14,12,playoff,r2
Mountain Brook,35,Fort Payne,14,12,playoff,r2
Clay-Chalkville,44,Gadsden City,7,12,playoff,r2
Homewood,31,Hartselle,24,12,playoff,r2
Benjamin Russell,21,Theodore,14,12,playoff,r2
Hueytown,49,Russell County,29,12,playoff,r2
Pike Road,28,Bessemer City,6,12,playoff,r2
Saraland,35,Spain Park,31,12,playoff,r2
Auburn,40,Daphne,0,12,playoff,r2
Opelika,35,Baker,9,12,playoff,r2
Thompson,54,Mary Montgomery,0,12,playoff,r2
Central-Phenix City,34,Fairhope,15,12,playoff,r2
Addison,28,Marion County,22,13,playoff,r3
Wadley,62,Hubbertville,28,13,playoff,r3
Maplesville,42,Southern Choctaw,0,13,playoff,r3
Leroy,60,McKenzie,38,13,playoff,r3
Pisgah,26,Southeastern,15,13,playoff,r3
Coosa Christian,17,Tuscaloosa Academy,0,13,playoff,r3
Lanett,35,Luverne,16,13,playoff,r3
Reeltown,28,Providence Christian,7,13,playoff,r3
Mars Hill,42,Geraldine,0,13,playoff,r3
Piedmont,28,Good Hope,7,13,playoff,r3
Anniston,31,Deshler,7,13,playoff,r3
Jackson,50,WS Neal,7,13,playoff,r3
St. Michael,52,Bullock County,22,13,playoff,r3
Scottsboro,16,Fairview,14,13,playoff,r3
Moody,51,Briarwood,27,13,playoff,r3
Vigor,14,Central Clay County,0,13,playoff,r3
Williamson,41,Montgomery Catholic,13,13,playoff,r3
Muscle Shoals,24,Mountain Brook,7,13,playoff,r3
Clay-Chalkville,35,Homewood,17,13,playoff,r3
Benjamin Russell,40,Hueytown,13,13,playoff,r3
Saraland,56,Pike Road,32,13,playoff,r3
Opelika,31,Auburn,28,13,playoff,r3
Thompson,35,Central-Phenix City,34,13,playoff,r3
Wadley,22,Addison,14,14,playoff,r4
Maplesville,59,Leroy,18,14,playoff,r4
Coosa Christian,44,Pisgah,36,14,playoff,r4
Lanett,35,Reeltown,19,14,playoff,r4
Mars Hill,48,Piedmont,16,14,playoff,r4
Bayside Academy,51,Southside-Selma,20,14,playoff,r4
Anniston,32,Plainview,29,14,playoff,r4
Jackson,44,St. Michael,23,14,playoff,r4
Moody,35,Scottsboro,10,14,playoff,r4
Vigor,28,Williamson,21,14,playoff,r4
Clay-Chalkville,30,Muscle Shoals,13,14,playoff,r4
Saraland,38,Benjamin Russell,21,14,playoff,r4
Thompson,48,Opelika,10,15,playoff,r5
Clay-Chalkville,38,Saraland,21,15,playoff,r5
Moody,25,Vigor,0,15,playoff,r5
Jackson,52,Anniston,0,15,playoff,r5
Mars Hill,38,Bayside Academy,21,15,playoff,r5
Coosa Christian,29,Lanett,22,15,playoff,r5
Maplesville,42,Wadley,22,15,playoff,r5
